URL,Key,Column,Response,Actual Result,Correct,Rephrased Correct,Prompt,Rephrased Question,Rephrased Response,Context Response,Context Correct
https://en.wikipedia.org/wiki/1990_Ben_Hogan_Tour,"Ben Hogan New England Classic,Ben Hogan Greater Ozarks Open,Ben Hogan Knoxville Open",Purse (US$),Ben Hogan Greater Ozarks Open,Ben Hogan New England Classic,0,0,"Which 'Tournament' has lower 'Purse (US$)', 'Ben Hogan New England Classic', 'Ben Hogan Greater Ozarks Open' or 'Ben Hogan Knoxville Open'?","Between the Ben Hogan New England Classic, the Greater Ozarks Open, and the Knoxville Open, which event had the lowest prize money?","$100,000",,0
https://en.wikipedia.org/wiki/1990_PGA_Tour_of_Australia,"Victorian Open,New South Wales Open,Monro Interiors Nedlands Masters",OWGR points,Monro Interiors Nedlands Masters,New South Wales Open,0,0,"Which 'Tournament' has lower 'OWGR points', 'Victorian Open', 'New South Wales Open' or 'Monro Interiors Nedlands Masters'?","Between the Victorian Open, the New South Wales Open, and the Monro Interiors Nedlands Masters, which tournament from the 1990 Australian PGA Tour offered the fewest OWGR points?",16,,0
https://en.wikipedia.org/wiki/1991%E2%80%9392_Southern_Africa_Tour,"Spoornet Classic,Hollard Royal Swazi Sun Classic,Trustbank Tournament of Champions",Purse (R),Spoornet Classic,Spoornet Classic,1,0,"Which 'Tournament' has lower 'Purse (R)', 'Spoornet Classic', 'Hollard Royal Swazi Sun Classic' or 'Trustbank Tournament of Champions'?","Of the Spoornet Classic, the Hollard Royal Swazi Sun Classic, and the Trustbank Tournament of Champions, which tournament had the smallest purse?",Trustbank Tournament of Champions,,0
https://en.wikipedia.org/wiki/1991_Ben_Hogan_Tour,"Ben Hogan Connecticut Open,Ben Hogan Tulsa Open,Ben Hogan South Carolina Classic",Purse (US$),Ben Hogan South Carolina Classic,Ben Hogan Connecticut Open,0,0,"Which 'Tournament' has lower 'Purse (US$)', 'Ben Hogan Connecticut Open', 'Ben Hogan Tulsa Open' or 'Ben Hogan South Carolina Classic'?","Between the Ben Hogan Connecticut Open, the Tulsa Open, and the South Carolina Classic, which tournament had the smallest purse?",South Carolina Classic,,0
https://en.wikipedia.org/wiki/1991_NCAA_Division_I_women%27s_basketball_tournament,"Oklahoma,Virginia,Massachusetts",Bids,Oklahoma,Oklahoma,1,1,"Which 'State' has lower 'Bids', 'Oklahoma', 'Virginia' or 'Massachusetts'?","Out of Oklahoma, Virginia, and Massachusetts, which state had the fewest bids in the 1991 NCAA women's basketball tournament?",Oklahoma,,0
https://en.wikipedia.org/wiki/1991_PGA_Tour_of_Australasia,"Mercedes-Benz Australian Match Play Championship,Ford Australian PGA Championship,AMP New Zealand Open",OWGR points,Mercedes-Benz Australian Match Play Championship,Mercedes-Benz Australian Match Play Championship,1,1,"Which 'Tournament' has lower 'OWGR points', 'Mercedes-Benz Australian Match Play Championship', 'Ford Australian PGA Championship' or 'AMP New Zealand Open'?","Of the Mercedes-Benz Australian Match Play Championship, Ford Australian PGA Championship, and AMP New Zealand Open, which tournament awarded the fewest world ranking points in 1991?",Mercedes-Benz Australian Match Play Championship,,0
https://en.wikipedia.org/wiki/1992%E2%80%9393_Southern_Africa_Tour,"EVS South African Masters,Bell's Cup,Philips South African Open",Purse (R),Bell's Cup,Bell's Cup,1,1,"Which 'Tournament' has lower 'Purse (R)', 'EVS South African Masters', 'Bell's Cup' or 'Philips South African Open'?","Of the EVS South African Masters, Bell's Cup, and Philips South African Open, which tournament had the smallest prize purse?",Bell's Cup,,0
https://en.wikipedia.org/wiki/1992_NCAA_Division_I_women%27s_basketball_tournament,"Louisiana,Nebraska,Colorado",Bids,Nebraska,Louisiana,0,0,"Which 'State' has lower 'Bids', 'Louisiana', 'Nebraska' or 'Colorado'?","Of Louisiana, Nebraska, and Colorado, which state had the fewest bids in the 1992 NCAA women's basketball tournament?",Nebraska,,0
https://en.wikipedia.org/wiki/1992_PGA_Tour_of_Australasia,"Club Cape Schanck Cup,Ford Australian PGA Championship,CIG New South Wales Open",OWGR points,Club Cape Schanck Cup,CIG New South Wales Open,0,0,"Which 'Tournament' has lower 'OWGR points', 'Club Cape Schanck Cup', 'Ford Australian PGA Championship' or 'CIG New South Wales Open'?","Out of the Club Cape Schanck Cup, the Ford Australian PGA Championship, and the CIG New South Wales Open, which tournament awarded the fewest OWGR points during the 1992 season?",Club Cape Schanck Cup,,0
https://en.wikipedia.org/wiki/1993%E2%80%9394_Southern_Africa_Tour,"Autopage Mount Edgecombe Trophy,Phillips South African Open,Telkom South African Masters",Purse (R),Autopage Mount Edgecombe Trophy,Autopage Mount Edgecombe Trophy,1,1,"Which 'Tournament' has lower 'Purse (R)', 'Autopage Mount Edgecombe Trophy', 'Phillips South African Open' or 'Telkom South African Masters'?","Of the Autopage Mount Edgecombe Trophy, Phillips South African Open, and Telkom South African Masters, which tournament had the smallest prize purse?",Autopage Mount Edgecombe Trophy,,0
https://en.wikipedia.org/wiki/1993_NCAA_Division_I_women%27s_basketball_tournament,"South Carolina,Maryland,Montana",Bids,Montana,South Carolina,0,1,"Which 'State' has lower 'Bids', 'South Carolina', 'Maryland' or 'Montana'?","Of South Carolina, Maryland, and Montana, which state had the fewest bids for the 1993 NCAA women's basketball tournament?",South Carolina,,0
https://en.wikipedia.org/wiki/1994_Commonwealth_Games,"Cyprus,Papua New Guinea,Nigeria",Rank,Nigeria,Nigeria,1,1,"Which 'Nation' has lower 'Rank', 'Cyprus', 'Papua New Guinea' or 'Nigeria'?","Between Cyprus, Papua New Guinea, and Nigeria, which country achieved a higher ranking at the 1994 Commonwealth Games?",Nigeria,,0
https://en.wikipedia.org/wiki/1994_Nike_Tour,"Nike Boise Open,Nike Wichita Open,Nike Ozarks Open",Purse (US$),Nike Ozarks Open,Nike Wichita Open,0,0,"Which 'Tournament' has lower 'Purse (US$)', 'Nike Boise Open', 'Nike Wichita Open' or 'Nike Ozarks Open'?","Of the Nike Boise Open, Nike Wichita Open, and Nike Ozarks Open, which tournament had the lowest prize purse?",Nike Ozarks Open,,0
https://en.wikipedia.org/wiki/1995_Asian_PGA_Tour,"Langkawi Open,Volvo Masters of Thailand,Gadgil Western Vietnam Open",Purse (US$),Gadgil Western Vietnam Open,Volvo Masters of Thailand,0,0,"Which 'Tournament' has lower 'Purse (US$)', 'Langkawi Open', 'Volvo Masters of Thailand' or 'Gadgil Western Vietnam Open'?","Of the Langkawi Open, Volvo Masters of Thailand, and Gadgil Western Vietnam Open, which tournament had the lowest prize money?",Gadgil Western Vietnam Open,,0
https://en.wikipedia.org/wiki/1995_Canadian_Tour,"Morningstar Classic,Henry Singer Alberta Open,Klondike Klassic",Purse (C$),Henry Singer Alberta Open,Morningstar Classic,0,0,"Which 'Tournament' has lower 'Purse (C$)', 'Morningstar Classic', 'Henry Singer Alberta Open' or 'Klondike Klassic'?","Of the Morningstar Classic, Henry Singer Alberta Open, and Klondike Klassic, which tournament had the smallest prize purse?",Klondike Klassic,,0
https://en.wikipedia.org/wiki/1995_NCAA_Division_I_women%27s_basketball_tournament,"Oklahoma,Colorado,Florida",Bids,Oklahoma,Colorado,0,0,"Which 'State' has lower 'Bids', 'Oklahoma', 'Colorado' or 'Florida'?","Of Oklahoma, Colorado, and Florida, which state received the fewest bids for the 1995 NCAA women's basketball tournament?",Oklahoma,,0
https://en.wikipedia.org/wiki/1995_Nike_Tour,"Nike Philadelphia Classic,Nike Dakota Dunes Open,Nike Central Georgia Open",Purse (US$),Nike Central Georgia Open,Nike Philadelphia Classic,0,0,"Which 'Tournament' has lower 'Purse (US$)', 'Nike Philadelphia Classic', 'Nike Dakota Dunes Open' or 'Nike Central Georgia Open'?","Comparing the Nike Philadelphia Classic, the Nike Dakota Dunes Open, and the Nike Central Georgia Open, which one had the smallest purse?","$175,000",,0
https://en.wikipedia.org/wiki/1996_Cricket_World_Cup_statistics,"Aravinda de Silva,Brian Lara,Hansie Cronje",Runs,Brian Lara,Brian Lara,1,0,"Which 'Players' has lower 'Runs', 'Aravinda de Silva', 'Brian Lara' or 'Hansie Cronje'?","Between Aravinda de Silva, Brian Lara, and Hansie Cronje, who scored the fewest runs in the 1996 Cricket World Cup?",Hansie Cronje,,0
https://en.wikipedia.org/wiki/1996_NCAA_Division_I_women%27s_basketball_tournament,"Mississippi,Illinois,Virginia",Bids,Mississippi,Illinois,0,1,"Which 'State' has lower 'Bids', 'Mississippi', 'Illinois' or 'Virginia'?","Between Mississippi, Illinois, and Virginia, which state received the fewest bids for the 1996 NCAA Division I women's basketball tournament?",Illinois,,0
https://en.wikipedia.org/wiki/1996_Nike_Tour,"Nike Ozarks Open,Nike Wichita Open,Nike Miami Valley Open",Purse (US$),Nike Ozarks Open,Nike Ozarks Open,1,0,"Which 'Tournament' has lower 'Purse (US$)', 'Nike Ozarks Open', 'Nike Wichita Open' or 'Nike Miami Valley Open'?","Of the Nike Ozarks Open, Nike Wichita Open, and Nike Miami Valley Open, which tournament had the smallest prize purse?",Nike Miami Valley Open,,0
https://en.wikipedia.org/wiki/1997_NCAA_Division_I_women%27s_basketball_tournament,"South Carolina,Alabama,Maryland",Bids,Maryland,South Carolina,0,1,"Which 'State' has lower 'Bids', 'South Carolina', 'Alabama' or 'Maryland'?","Of South Carolina, Alabama, and Maryland, which state received the fewest bids to the 1997 NCAA women's basketball tournament?",South Carolina,,0
https://en.wikipedia.org/wiki/1997_Nike_Tour,"Nike Hershey Open,Nike Permian Basin Open,Nike Dakota Dunes Open",Purse (US$),Nike Hershey Open,Nike Hershey Open,1,0,"Which 'Tournament' has lower 'Purse (US$)', 'Nike Hershey Open', 'Nike Permian Basin Open' or 'Nike Dakota Dunes Open'?","Of the Nike Hershey Open, the Nike Permian Basin Open, and the Nike Dakota Dunes Open, which tournament had the smallest purse?",175000,,0
https://en.wikipedia.org/wiki/1997_PGA_Tour,"Davis Love III,Brad Faxon,Greg Norman",Position,Davis Love III,Davis Love III,1,1,"Which 'Player' has lower 'Position', 'Davis Love III', 'Brad Faxon' or 'Greg Norman'?","Who ranked higher on the 1997 PGA Tour money list: Davis Love III, Brad Faxon, or Greg Norman?",Davis Love III,,0
https://en.wikipedia.org/wiki/1998_NCAA_Division_I_women%27s_basketball_tournament,"Ohio,Georgia,Virginia",Bids,Georgia,Georgia,1,1,"Which 'State' has lower 'Bids', 'Ohio', 'Georgia' or 'Virginia'?","Of Ohio, Georgia, and Virginia, which state had the fewest bids in the 1998 NCAA women's basketball tournament?",Georgia,,0
https://en.wikipedia.org/wiki/1998_Nike_Tour,"Nike St. Louis Golf Classic,Nike Ozarks Open,Nike Dominion Open",Purse (US$),Nike Dominion Open,Nike St. Louis Golf Classic,0,0,"Which 'Tournament' has lower 'Purse (US$)', 'Nike St. Louis Golf Classic', 'Nike Ozarks Open' or 'Nike Dominion Open'?","Of the Nike St. Louis Golf Classic, Nike Ozarks Open, and Nike Dominion Open, which tournament on the 1998 Nike Tour had the smallest purse?",Nike Dominion Open,,0
https://en.wikipedia.org/wiki/1999%E2%80%932000_NCAA_football_bowl_games,"Alabama,Michigan,Wisconsin",Rank,Alabama,Alabama,1,1,"Which 'Team' has lower 'Rank', 'Alabama', 'Michigan' or 'Wisconsin'?","Between Alabama, Michigan, and Wisconsin, which team was ranked the lowest during the 1999-2000 NCAA football season?",Alabama,,0
https://en.wikipedia.org/wiki/1999_Canadian_Tour,"Henry Singer Alberta Open,Ontario Open Heritage Classic,MTS Classic",Purse (C$),MTS Classic,Ontario Open Heritage Classic,0,1,"Which 'Tournament' has lower 'Purse (C$)', 'Henry Singer Alberta Open', 'Ontario Open Heritage Classic' or 'MTS Classic'?","Of the Henry Singer Alberta Open, the Ontario Open Heritage Classic, and the MTS Classic, which tournament had the smallest prize purse?",Ontario Open Heritage Classic,,0
https://en.wikipedia.org/wiki/1999_Nike_Tour,"Nike Wichita Open,Nike Fort Smith Classic,Nike Dominion Open",Purse (US$),Nike Wichita Open,Nike Wichita Open,1,1,"Which 'Tournament' has lower 'Purse (US$)', 'Nike Wichita Open', 'Nike Fort Smith Classic' or 'Nike Dominion Open'?","Between the Nike Wichita Open, the Nike Fort Smith Classic, and the Nike Dominion Open, which tournament had the smallest prize money?",Nike Wichita Open,,0
https://en.wikipedia.org/wiki/2000_Canadian_Tour,"Telus Edmonton Open,Telus Calgary Open,MTS Classic",OWGR points,MTS Classic,Telus Edmonton Open,0,0,"Which 'Tournament' has lower 'OWGR points', 'Telus Edmonton Open', 'Telus Calgary Open' or 'MTS Classic'?","Of the Telus Edmonton Open, Telus Calgary Open, and MTS Classic, which tournament awarded the fewest OWGR points?",MTS Classic,,0
https://en.wikipedia.org/wiki/2001_PGA_Tour,"Williams World Challenge,Franklin Templeton Shootout,Ryder Cup",Purse ($),Ryder Cup,Franklin Templeton Shootout,0,0,"Which 'Tournament' has lower 'Purse ($)', 'Williams World Challenge', 'Franklin Templeton Shootout' or 'Ryder Cup'?","Between the Williams World Challenge, the Franklin Templeton Shootout, and the Ryder Cup, which 2001 tournament offered the smallest prize purse?",Ryder Cup,,0
https://en.wikipedia.org/wiki/2002%E2%80%9303_snooker_season,"John Higgins,Quinten Hann,Matthew Stevens",Points 2000/01,Quinten Hann,Quinten Hann,1,1,"Which 'Player' has lower 'Points 2000/01', 'John Higgins', 'Quinten Hann' or 'Matthew Stevens'?","Of John Higgins, Quinten Hann, and Matthew Stevens, who had the lowest points total in the 2000/01 season?",Quinten Hann,,0
https://en.wikipedia.org/wiki/2003_AIHL_season,"Greg Oddy,Trevor Walsh,Dylan Martini",GP,Dylan Martini,Trevor Walsh,0,0,"Which 'Player' has lower 'GP', 'Greg Oddy', 'Trevor Walsh' or 'Dylan Martini'?","Between Greg Oddy, Trevor Walsh, and Dylan Martini, who played in the fewest games during the 2003 AIHL season?",Dylan Martini,,0
https://en.wikipedia.org/wiki/2003_Australian_GT_Performance_Car_Championship,"Ross Almond,Stewart McColl,Trevor Haines",Position,Stewart McColl,Trevor Haines,0,0,"Which 'Driver' has lower 'Position', 'Ross Almond', 'Stewart McColl' or 'Trevor Haines'?","In the 2003 Australian GT Performance Car Championship standings, who ranked higher: Ross Almond, Stewart McColl, or Trevor Haines?",Stewart McColl,,0
https://en.wikipedia.org/wiki/2003_Canadian_Tour,"Michelin Guadalajara Classic,Corona Ixtapa Classic,Northern Ontario Open",Purse (C$),Northern Ontario Open,Michelin Guadalajara Classic,0,0,"Which 'Tournament' has lower 'Purse (C$)', 'Michelin Guadalajara Classic', 'Corona Ixtapa Classic' or 'Northern Ontario Open'?","Of the Michelin Guadalajara Classic, Corona Ixtapa Classic, and Northern Ontario Open, which tournament had the smallest prize purse?",Northern Ontario Open,,0
https://en.wikipedia.org/wiki/2003_Jordanian_general_election,"Karak,Center Bedouin Tribes,Tafileh",Districts,Center Bedouin Tribes,Center Bedouin Tribes,1,1,"Which 'Governorate' has lower 'Districts', 'Karak', 'Center Bedouin Tribes' or 'Tafileh'?","Between the Karak, Center Bedouin Tribes, and Tafileh governorates, which one had the fewest districts?",Center Bedouin Tribes,,0
https://en.wikipedia.org/wiki/2003_Rugby_World_Cup_statistics,"Joe Rokocoko,Will Greenwood,Chris Latham",Played,Joe Rokocoko,Chris Latham,0,0,"Which 'Player' has lower 'Played', 'Joe Rokocoko', 'Will Greenwood' or 'Chris Latham'?","Of Joe Rokocoko, Will Greenwood, and Chris Latham, who played in the fewest matches during the 2003 Rugby World Cup?",Will Greenwood and Chris Latham,,0
https://en.wikipedia.org/wiki/2004_Australian_federal_election,"Ex-Service, Service and Veterans Party,New Country Party,Democratic Labor Party",Total votes,New Country Party,Democratic Labor Party,0,0,"Which 'Minor party' has lower 'Total votes', 'Ex-Service, Service and Veterans Party', 'New Country Party' or 'Democratic Labor Party'?","In the 2004 Australian federal election, which of these minor parties received the fewest votes: the Ex-Service, Service and Veterans Party, the New Country Party, or the Democratic Labor Party?",New Country Party,,0
https://en.wikipedia.org/wiki/2004_Champions_Tour,"Ford Senior Players Championship,Greater Hickory Classic at Rock Barn,FedEx Kinko's Classic",Purse (US$),FedEx Kinko's Classic,Greater Hickory Classic at Rock Barn,0,0,"Which 'Tournament' has lower 'Purse (US$)', 'Ford Senior Players Championship', 'Greater Hickory Classic at Rock Barn' or 'FedEx Kinko's Classic'?","Between the Ford Senior Players Championship, the Greater Hickory Classic at Rock Barn, and the FedEx Kinko's Classic, which tournament had the smallest prize purse?",FedEx Kinko's Classic,,0
https://en.wikipedia.org/wiki/2004_NCAA_Division_I_women%27s_basketball_tournament,"Arizona,Illinois,Louisiana",Bids,Arizona,Arizona,1,1,"Which 'State' has lower 'Bids', 'Arizona', 'Illinois' or 'Louisiana'?","Between Arizona, Illinois, and Louisiana, which state had the fewest bids for the 2004 NCAA women's basketball tournament?",Arizona,,0
https://en.wikipedia.org/wiki/2005_Armenian_Premier_League,"Shirak,Esteghlal-Kotayk,Mika Ashtarak",Capacity,Shirak,Shirak,1,1,"Which 'Club' has lower 'Capacity', 'Shirak', 'Esteghlal-Kotayk' or 'Mika Ashtarak'?","Between Shirak, Esteghlal-Kotayk, and Mika Ashtarak, which club's stadium had the lowest capacity in the 2005 Armenian Premier League?",Shirak,,0
https://en.wikipedia.org/wiki/2005_Supercheap_Auto_1000,"3,10,7",No.,3,7,0,0,"Which 'Pos.' has lower 'No.', '3', '10' or '7'?","Of the cars that finished in 3rd, 7th, and 10th place, which of these positions was held by the car with the lowest number?",3,,0
https://en.wikipedia.org/wiki/2006%E2%80%9307_snooker_season,"Ken Doherty,Ali Carter,Stephen Hendry",Points 2005/06,Ali Carter,Ali Carter,1,1,"Which 'Player' has lower 'Points 2005/06', 'Ken Doherty', 'Ali Carter' or 'Stephen Hendry'?","Out of Ken Doherty, Ali Carter, and Stephen Hendry, who had the fewest points from the 2005/06 season?",Ali Carter,,0
https://en.wikipedia.org/wiki/2006_Champions_Tour,"Commerce Bank Championship,JELD-WEN Tradition,The Senior British Open Championship",Purse (US$),Commerce Bank Championship,Commerce Bank Championship,1,1,"Which 'Tournament' has lower 'Purse (US$)', 'Commerce Bank Championship', 'JELD-WEN Tradition' or 'The Senior British Open Championship'?","Of the Commerce Bank Championship, the JELD-WEN Tradition, and The Senior British Open Championship, which tournament had the lowest prize money?",Commerce Bank Championship,,0
https://en.wikipedia.org/wiki/2006_Euro_Beach_Soccer_League_%E2%80%93_Last_chance_bracket,"Ukraine,Montenegro,Hungary",Rank,Ukraine,Montenegro,0,0,"Which 'Team' has lower 'Rank', 'Ukraine', 'Montenegro' or 'Hungary'?","Between Ukraine, Montenegro, and Hungary, which team finished with a better rank in the 2006 Euro Beach Soccer League Last Chance Bracket?",Ukraine,,0
https://en.wikipedia.org/wiki/2006_Kerrick_Sports_Sedan_Series,"Geoff Gillespie,Chris Jackson,Mark Nelson",Position,Mark Nelson,Chris Jackson,0,0,"Which 'Driver' has lower 'Position', 'Geoff Gillespie', 'Chris Jackson' or 'Mark Nelson'?","Between Geoff Gillespie, Chris Jackson, and Mark Nelson, who ranked highest in the 2006 Kerrick Sports Sedan Series?",Mark Nelson,,0
https://en.wikipedia.org/wiki/2007%E2%80%9308_snooker_season,"Mark Selby,Marco Fu,Ryan Day",Ch,Marco Fu,Mark Selby,0,0,"Which 'Player' has lower 'Ch', 'Mark Selby', 'Marco Fu' or 'Ryan Day'?","Between Mark Selby, Marco Fu, and Ryan Day, who earned the fewest ranking points from the China Open during the 2007-08 season?",Marco Fu,,0
https://en.wikipedia.org/wiki/2007_Champions_Tour,"Bank of America Championship,Boeing Classic,The Senior Open Championship",Purse (US$),Bank of America Championship,Boeing Classic,0,0,"Which 'Tournament' has lower 'Purse (US$)', 'Bank of America Championship', 'Boeing Classic' or 'The Senior Open Championship'?","Between the Bank of America Championship, the Boeing Classic, and The Senior Open Championship, which tournament had the smallest prize purse?",Bank of America Championship,,0
https://en.wikipedia.org/wiki/2007_League_of_Ireland_Premier_Division,"Cork City,Derry City,Drogheda United",Capacity,Drogheda United,Drogheda United,1,1,"Which 'Team' has lower 'Capacity', 'Cork City', 'Derry City' or 'Drogheda United'?","Of Cork City, Derry City, and Drogheda United, which club had the smallest stadium capacity?",Drogheda United,,0
https://en.wikipedia.org/wiki/2008%E2%80%9309_Ukrainian_Premier_League,"Shakhtar Donetsk,Tavriya Simferopol,Zorya Luhansk",Rank,Shakhtar Donetsk,Shakhtar Donetsk,1,1,"Which 'Club' has lower 'Rank', 'Shakhtar Donetsk', 'Tavriya Simferopol' or 'Zorya Luhansk'?","Of Shakhtar Donetsk, Tavriya Simferopol, and Zorya Luhansk, which club finished with the highest ranking in the 2008-09 Ukrainian Premier League?",Shakhtar Donetsk,,0
https://en.wikipedia.org/wiki/2008%E2%80%9309_snooker_season,"John Higgins,Peter Ebdon,Marco Fu",Ch,Marco Fu,John Higgins,0,0,"Which 'Player' has lower 'Ch', 'John Higgins', 'Peter Ebdon' or 'Marco Fu'?","Of John Higgins, Peter Ebdon, and Marco Fu, who scored the fewest points in the China Open during the 2008-09 season?",Marco Fu,,0
https://en.wikipedia.org/wiki/2008_Champions_Tour,"Bank of America Championship,Boeing Classic,The Senior Open Championship",Purse (US$),Bank of America Championship,Bank of America Championship,1,1,"Which 'Tournament' has lower 'Purse (US$)', 'Bank of America Championship', 'Boeing Classic' or 'The Senior Open Championship'?","Of the Bank of America Championship, Boeing Classic, and The Senior Open Championship, which tournament had the lowest prize purse?",Bank of America Championship,,0
https://en.wikipedia.org/wiki/2008_United_States_presidential_election_in_New_Hampshire,"H. Neal Fendig Jr.,James Creighton Mitchell Jr.,Rudy Giuliani",Votes,H. Neal Fendig Jr.,H. Neal Fendig Jr.,1,0,"Which 'Candidate' has lower 'Votes', 'H. Neal Fendig Jr.', 'James Creighton Mitchell Jr.' or 'Rudy Giuliani'?","Between H. Neal Fendig Jr., James Creighton Mitchell Jr., and Rudy Giuliani, who received the fewest votes in the 2008 New Hampshire presidential election?",James Creighton Mitchell Jr.,,0
https://en.wikipedia.org/wiki/2008_United_States_presidential_election_in_Washington_(state),"Total,Mitt Romney*,Alan Keyes",Votes,Alan Keyes,Alan Keyes,1,1,"Which 'Candidate' has lower 'Votes', 'Total', 'Mitt Romney*' or 'Alan Keyes'?","In the 2008 Washington Republican presidential primary, who received fewer votes: Mitt Romney or Alan Keyes?",Alan Keyes,,0
https://en.wikipedia.org/wiki/2008_Washington_Republican_presidential_caucuses_and_primary,"Total,Mitt Romney*,Alan Keyes",Votes,Alan Keyes,Alan Keyes,1,1,"Which 'Candidate' has lower 'Votes', 'Total', 'Mitt Romney*' or 'Alan Keyes'?","Between Mitt Romney and Alan Keyes, who received the lower total vote count in the 2008 Washington Republican presidential caucuses and primary?",Alan Keyes,,0
https://en.wikipedia.org/wiki/2009%E2%80%9310_snooker_season,"Ali Carter,Marco Fu,Mark Williams",Ch,Marco Fu,Ali Carter,0,0,"Which 'Player' has lower 'Ch', 'Ali Carter', 'Marco Fu' or 'Mark Williams'?","Between Ali Carter, Marco Fu, and Mark Williams, who had the worst result in the China Open during the 2009-10 season?",Marco Fu,,0
https://en.wikipedia.org/wiki/2010%E2%80%9311_Pakistan_federal_budget,"Net Revenue Receipt,Bank Borrowing,Self Financing of PSDP by provinces",Rs. in Billion,Self Financing of PSDP by provinces,Bank Borrowing,0,0,"Which 'Receipts' has lower 'Rs. in Billion', 'Net Revenue Receipt', 'Bank Borrowing' or 'Self Financing of PSDP by provinces'?","Of the following receipts in Pakistan's 2010-11 budget, which was the lowest: Net Revenue Receipt, Bank Borrowing, or Self Financing of PSDP by provinces?",Self Financing of PSDP by provinces,,0
https://en.wikipedia.org/wiki/2010%E2%80%932014_NCAA_conference_realignment,"Horizon,Patriot,Northeast",Old membership total,Patriot,Patriot,1,1,"Which 'Conference' has lower 'Old membership total', 'Horizon', 'Patriot' or 'Northeast'?","Of the Horizon, Patriot, and Northeast conferences, which one had the fewest members before the 2010 realignment?",Patriot,,0
https://en.wikipedia.org/wiki/2010_Australian_GT_Championship,"Maranello Motorsport,Jocaro Motorsport,Pariah Motorsport",No,Maranello Motorsport,Jocaro Motorsport,0,0,"Which 'Team' has lower 'No', 'Maranello Motorsport', 'Jocaro Motorsport' or 'Pariah Motorsport'?","Between Maranello Motorsport, Jocaro Motorsport, and Pariah Motorsport, which team's car had the lowest number?",8,,0
https://en.wikipedia.org/wiki/2010_Champions_Tour,"Home Care & Hospice First Tee Open at Pebble Beach,The Senior Open Championship,Boeing Classic",Purse (US$),Boeing Classic,Home Care & Hospice First Tee Open at Pebble Beach,0,0,"Which 'Tournament' has lower 'Purse (US$)', 'Home Care & Hospice First Tee Open at Pebble Beach', 'The Senior Open Championship' or 'Boeing Classic'?","Of the Home Care & Hospice First Tee Open at Pebble Beach, The Senior Open Championship, and the Boeing Classic, which tournament had the lowest prize purse in the 2010 season?",Boeing Classic,,0
https://en.wikipedia.org/wiki/2011%E2%80%9312_South_African_Premiership,"Black Leopards,Platinum Stars,Jomo Cosmos",Capacity,Jomo Cosmos,Jomo Cosmos,1,0,"Which 'Team' has lower 'Capacity', 'Black Leopards', 'Platinum Stars' or 'Jomo Cosmos'?","Between Black Leopards, Platinum Stars, and Jomo Cosmos, which team's stadium had the lowest capacity?",5000,,0
https://en.wikipedia.org/wiki/2011_Alps_Tour,"Chris Paisley,Jordan Gibb,Romain Schneider",Position,Jordan Gibb,Chris Paisley,0,1,"Which 'Player' has lower 'Position', 'Chris Paisley', 'Jordan Gibb' or 'Romain Schneider'?","Who ranked higher in the 2011 Alps Tour: Chris Paisley, Jordan Gibb, or Romain Schneider?",Chris Paisley,,0
https://en.wikipedia.org/wiki/2011_Australian_GT_Championship,"Andrew Taplin,Greg Crick,Nathan Tinkler",No,Greg Crick,Andrew Taplin,0,0,"Which 'Driver' has lower 'No', 'Andrew Taplin', 'Greg Crick' or 'Nathan Tinkler'?","Between Andrew Taplin, Greg Crick, and Nathan Tinkler, who had the lowest car number?",3,,0
https://en.wikipedia.org/wiki/2011_Big_Easy_Tour,"Observatory Golf Club,Glendower Golf Club,Kempton Park Golf Club",Purse (R),Observatory Golf Club,Observatory Golf Club,1,0,"Which 'Tournament' has lower 'Purse (R)', 'Observatory Golf Club', 'Glendower Golf Club' or 'Kempton Park Golf Club'?","Of the tournaments held at Observatory Golf Club, Glendower Golf Club, and Kempton Park Golf Club, which one had the lowest prize money?",South African PGA Championship,,0
https://en.wikipedia.org/wiki/2011_Challenge_Trophy,"Toronto Celtic,Holy Cross,Suburban FC",Place,Holy Cross,Toronto Celtic,0,0,"Which 'Team' has lower 'Place', 'Toronto Celtic', 'Holy Cross' or 'Suburban FC'?","Which team ranked higher in the 2011 Challenge Trophy: Toronto Celtic, Holy Cross, or Suburban FC?",Holy Cross,,0
https://en.wikipedia.org/wiki/2011_Champions_Tour,"Nature Valley First Tee Open at Pebble Beach,Boeing Classic,Toshiba Classic",Purse (US$),Toshiba Classic,Nature Valley First Tee Open at Pebble Beach,0,0,"Which 'Tournament' has lower 'Purse (US$)', 'Nature Valley First Tee Open at Pebble Beach', 'Boeing Classic' or 'Toshiba Classic'?","Of the Nature Valley First Tee Open at Pebble Beach, the Boeing Classic, and the Toshiba Classic, which 2011 tournament had the smallest purse?",Toshiba Classic,,0
https://en.wikipedia.org/wiki/2011_LSU_vs._Alabama_football_game,"Michael Brockers,Mark Barron,Michael Williams",Year,Mark Barron,Michael Brockers,0,0,"Which 'Player name' has lower 'Year', 'Michael Brockers', 'Mark Barron' or 'Michael Williams'?","Between Michael Brockers, Mark Barron, and Michael Williams, who was drafted into the NFL in the earliest year?",Mark Barron,,0
https://en.wikipedia.org/wiki/2012%E2%80%9313_South_African_Premiership,"Black Leopards,Platinum Stars,Golden Arrows",Capacity,Golden Arrows,Golden Arrows,1,1,"Which 'Team' has lower 'Capacity', 'Black Leopards', 'Platinum Stars' or 'Golden Arrows'?","Between Black Leopards, Platinum Stars, and Golden Arrows, which team's stadium has the smallest capacity?",Golden Arrows,,0
https://en.wikipedia.org/wiki/2012_Champions_Tour,"Nature Valley First Tee Open at Pebble Beach,Boeing Classic,Toshiba Classic",Purse (US$),Toshiba Classic,Nature Valley First Tee Open at Pebble Beach,0,0,"Which 'Tournament' has lower 'Purse (US$)', 'Nature Valley First Tee Open at Pebble Beach', 'Boeing Classic' or 'Toshiba Classic'?","Between the Nature Valley First Tee Open at Pebble Beach, the Boeing Classic, and the Toshiba Classic, which tournament had the smallest prize purse?",Toshiba Classic,,0
https://en.wikipedia.org/wiki/2012_St._Louis_Cardinals_season,"In error-made games,One or Two-run games,Extra innings",Pct.,Extra innings,Extra innings,1,0,"Which 'Situation' has lower 'Pct.', 'In error-made games', 'One or Two-run games' or 'Extra innings'?","Looking at the 2012 St. Louis Cardinals' season, which of these situations resulted in the lowest winning percentage: games where they made an error, one or two-run games, or extra innings?",games where they made an error,,0
https://en.wikipedia.org/wiki/2012_Supercheap_Auto_Bathurst_1000,"Shane van Gisbergen,Steve Owen,Tim Slade",Position,Steve Owen,Shane van Gisbergen,0,0,"Which 'Driver' has lower 'Position', 'Shane van Gisbergen', 'Steve Owen' or 'Tim Slade'?","Who qualified higher for the 2012 Supercheap Auto Bathurst 1000: Shane van Gisbergen, Steve Owen, or Tim Slade?",Steve Owen,,0
https://en.wikipedia.org/wiki/2012_Web.com_Tour,"Midwest Classic,Nationwide Children's Hospital Invitational,News Sentinel Open",Purse (US$),News Sentinel Open,News Sentinel Open,1,1,"Which 'Tournament' has lower 'Purse (US$)', 'Midwest Classic', 'Nationwide Children's Hospital Invitational' or 'News Sentinel Open'?","Of the Midwest Classic, the Nationwide Children's Hospital Invitational, and the News Sentinel Open, which tournament had the smallest prize purse?",News Sentinel Open,,0
https://en.wikipedia.org/wiki/2012_Zimbabwe_Premier_Soccer_League,"CAPS United,Motor Action,Gunners",Capacity,Gunners,Motor Action,0,0,"Which 'Team' has lower 'Capacity', 'CAPS United', 'Motor Action' or 'Gunners'?","Of CAPS United, Motor Action, and Gunners, which team has the home stadium with the smallest capacity?",Gunners,,0
https://en.wikipedia.org/wiki/2013%E2%80%9314_South_African_Premiership,"Bloemfontein Celtic,Polokwane City,Mamelodi Sundowns",Capacity,Polokwane City,Bloemfontein Celtic,0,0,"Which 'Team' has lower 'Capacity', 'Bloemfontein Celtic', 'Polokwane City' or 'Mamelodi Sundowns'?","Between Bloemfontein Celtic, Polokwane City, and Mamelodi Sundowns, which team has the stadium with the smallest capacity?",Polokwane City,,0
https://en.wikipedia.org/wiki/2013%E2%80%9314_Ukrainian_First_League,"FC Poltava,Tytan Armyansk,Helios Kharkiv",Rank,FC Poltava,Tytan Armyansk,0,0,"Which 'Club' has lower 'Rank', 'FC Poltava', 'Tytan Armyansk' or 'Helios Kharkiv'?","Of FC Poltava, Tytan Armyansk, and Helios Kharkiv, which team finished between the other two in the 2013-14 Ukrainian First League standings?",Helios Kharkiv,,0
https://en.wikipedia.org/wiki/2013_Australian_Carrera_Cup_Championship,"Stephen Grove,Paul Kelly,James Bergmuller",Pos.,Stephen Grove,Stephen Grove,1,0,"Which 'Driver' has lower 'Pos.', 'Stephen Grove', 'Paul Kelly' or 'James Bergmuller'?","Between Stephen Grove, Paul Kelly, and James Bergmuller, who placed highest in the final standings of the 2013 Australian Carrera Cup Championship?",James Bergmuller,,0
https://en.wikipedia.org/wiki/2013_Big_Easy_Tour,"Centurion CC,Kempton Park GC,Irene CC",Purse (R),Centurion CC,Centurion CC,1,0,"Which 'Tournament' has lower 'Purse (R)', 'Centurion CC', 'Kempton Park GC' or 'Irene CC'?","Between the 2013 Big Easy Tour events at Centurion CC, Kempton Park GC, and Irene CC, which tournament offered the least prize money?","R100,000",,0
https://en.wikipedia.org/wiki/2013_MENA_Golf_Tour,"Dubai Creek Open,MENA Golf Tour Championship,Abu Dhabi Golf Citizen Open",Purse (US$),Abu Dhabi Golf Citizen Open,Dubai Creek Open,0,0,"Which 'Tournament' has lower 'Purse (US$)', 'Dubai Creek Open', 'MENA Golf Tour Championship' or 'Abu Dhabi Golf Citizen Open'?","Which of these 2013 MENA Golf Tour events had the smallest prize purse: the Dubai Creek Open, the MENA Golf Tour Championship, or the Abu Dhabi Golf Citizen Open?",Dubai Creek Open and Abu Dhabi Golf Citizen Open,,0
https://en.wikipedia.org/wiki/2013_Pro_Golf_Tour,"Robin Kind,Anton Kirstein,Richard Kind",Position,Robin Kind,Robin Kind,1,1,"Which 'Player' has lower 'Position', 'Robin Kind', 'Anton Kirstein' or 'Richard Kind'?","Between Robin Kind, Anton Kirstein, and Richard Kind, who had the better position in the 2013 Pro Golf Tour rankings?",Robin Kind,,0
https://en.wikipedia.org/wiki/2013_Q_School,"Gareth Green,Josh Boileau,Ashley Carty",Rank,Ashley Carty,Gareth Green,0,1,"Which 'Player' has lower 'Rank', 'Gareth Green', 'Josh Boileau' or 'Ashley Carty'?","Between Gareth Green, Josh Boileau, and Ashley Carty, who had the best ranking in the 2013 Q School?",Gareth Green,,0
https://en.wikipedia.org/wiki/2013_Zimbabwe_Premier_Soccer_League,"CAPS United,Shabanie Mine,Harare City",Capacity,Shabanie Mine,Shabanie Mine,1,1,"Which 'Team' has lower 'Capacity', 'CAPS United', 'Shabanie Mine' or 'Harare City'?","Of CAPS United, Shabanie Mine, and Harare City, which team's home stadium had the lowest capacity during the 2013 season?",Shabanie Mine,,0
https://en.wikipedia.org/wiki/2014%E2%80%9315_PGA_Tour,"Jason Day,Charley Hoffman,Dustin Johnson",Position,Charley Hoffman,Jason Day,0,1,"Which 'Player' has lower 'Position', 'Jason Day', 'Charley Hoffman' or 'Dustin Johnson'?","Of Jason Day, Charley Hoffman, and Dustin Johnson, who had the best finishing position in the 2014-15 PGA Tour?",Jason Day,,0
https://en.wikipedia.org/wiki/2014%E2%80%9315_South_African_Premiership,"Bloemfontein Celtic,Polokwane City,Mamelodi Sundowns",Capacity,Polokwane City,Bloemfontein Celtic,0,0,"Which 'Team' has lower 'Capacity', 'Bloemfontein Celtic', 'Polokwane City' or 'Mamelodi Sundowns'?","Between Bloemfontein Celtic, Polokwane City, and Mamelodi Sundowns, which team's home stadium had the lowest capacity during the 2014-15 season?",Polokwane City,,0
https://en.wikipedia.org/wiki/2014_PGA_Tour_Canada,"Syncrude Boreal Open,SIGA Dakota Dunes Open,The Players Cup",Purse (C$),Syncrude Boreal Open,Syncrude Boreal Open,1,0,"Which 'Tournament' has lower 'Purse (C$)', 'Syncrude Boreal Open', 'SIGA Dakota Dunes Open' or 'The Players Cup'?","Between the Syncrude Boreal Open, SIGA Dakota Dunes Open, and The Players Cup, which tournament had the smallest purse?",The Players Cup,,0
https://en.wikipedia.org/wiki/2014_Pro_Golf_Tour,"Sean Einhaus,Moritz Lampert,Anton Kirstein",Position,Anton Kirstein,Sean Einhaus,0,0,"Which 'Player' has lower 'Position', 'Sean Einhaus', 'Moritz Lampert' or 'Anton Kirstein'?","Who was ranked lower in the 2014 Pro Golf Tour: Sean Einhaus, Moritz Lampert, or Anton Kirstein?",Anton Kirstein,,0
https://en.wikipedia.org/wiki/2014_Q_School,"Alex Pagulayan,Duane Jones,Chen Zhe",Event 1,Alex Pagulayan,Chen Zhe,0,0,"Which 'Player' has lower 'Event 1', 'Alex Pagulayan', 'Duane Jones' or 'Chen Zhe'?","Of Alex Pagulayan, Duane Jones, and Chen Zhe, who had the lowest score in Event 1?",Duane Jones,,0
https://en.wikipedia.org/wiki/2015%E2%80%9316_PGA_Tour,"Patrick Reed,Russell Knox,Ryan Moore",Position,Patrick Reed,Patrick Reed,1,1,"Which 'Player' has lower 'Position', 'Patrick Reed', 'Russell Knox' or 'Ryan Moore'?","Of Patrick Reed, Russell Knox, and Ryan Moore, who ranked highest in the 2015-16 PGA Tour season?",Patrick Reed,,0
https://en.wikipedia.org/wiki/2015%E2%80%9316_Saudi_Pro_League,"Round 18,Round 15,Round 19",GP.,Round 15,Round 18,0,0,"Which 'Round' has lower 'GP.', 'Round 18', 'Round 15' or 'Round 19'?","Between Round 18, Round 15, and Round 19 of the 2015-16 Saudi Pro League season, which one had the fewest games played?",Round 15,,0
https://en.wikipedia.org/wiki/2015%E2%80%9316_South_African_Premiership,"Chippa United,Polokwane City,Kaizer Chiefs",Capacity,Polokwane City,Polokwane City,1,1,"Which 'Team' has lower 'Capacity', 'Chippa United', 'Polokwane City' or 'Kaizer Chiefs'?","Between Chippa United, Polokwane City, and Kaizer Chiefs, which team's home stadium had the lowest capacity?",Polokwane City,,0
https://en.wikipedia.org/wiki/2015_Alps_Tour,"Damien Perrier,Gerard Piris,Andrea Maestroni",Position,Damien Perrier,Damien Perrier,1,1,"Which 'Player' has lower 'Position', 'Damien Perrier', 'Gerard Piris' or 'Andrea Maestroni'?","Between Damien Perrier, Gerard Piris, and Andrea Maestroni, who had the highest ranking in the 2015 Alps Tour Order of Merit?",Damien Perrier,,0
https://en.wikipedia.org/wiki/2015_PGA_Tour_Canada,"Syncrude Boreal Open,SIGA Dakota Dunes Open,The Players Cup",Purse (C$),Syncrude Boreal Open,Syncrude Boreal Open,1,1,"Which 'Tournament' has lower 'Purse (C$)', 'Syncrude Boreal Open', 'SIGA Dakota Dunes Open' or 'The Players Cup'?","Of the Syncrude Boreal Open, the SIGA Dakota Dunes Open, and The Players Cup, which tournament had the smallest purse?",Syncrude Boreal Open,,0
https://en.wikipedia.org/wiki/2015_Pacific_Games,"Micronesia,Tuvalu,Fiji",Rank,Fiji,Fiji,1,1,"Which 'Nation' has lower 'Rank', 'Micronesia', 'Tuvalu' or 'Fiji'?","Of Micronesia, Tuvalu, and Fiji, which nation ranked the highest in the 2015 Pacific Games medal tally?",Fiji,,0
https://en.wikipedia.org/wiki/2015_Pro_Golf_Tour,"Reinier Saxton,Chris Robb,David Antonelli",Position,Reinier Saxton,Reinier Saxton,1,1,"Which 'Player' has lower 'Position', 'Reinier Saxton', 'Chris Robb' or 'David Antonelli'?","Who was ranked higher on the 2015 Pro Golf Tour: Reinier Saxton, Chris Robb, or David Antonelli?",Reinier Saxton,,0
https://en.wikipedia.org/wiki/2015_Q_School,"Adam Duffy,Greg Casey,Leo Fernandez",Event 1,Greg Casey,Greg Casey,1,1,"Which 'Player' has lower 'Event 1', 'Adam Duffy', 'Greg Casey' or 'Leo Fernandez'?","Between Adam Duffy, Greg Casey, and Leo Fernandez, who scored the fewest points in Event 1?",Greg Casey,,0
https://en.wikipedia.org/wiki/2015_UCI_men%27s_road_cycling_rankings,"France,Norway,Ukraine",Rank,France,France,1,1,"Which 'Nation' has lower 'Rank', 'France', 'Norway' or 'Ukraine'?","Of France, Norway, and Ukraine, which nation ranked highest in the 2015 UCI men's road cycling standings?",France,,0
https://en.wikipedia.org/wiki/2015_Web.com_Tour,"Albertsons Boise Open,Nova Scotia Open,Digital Ally Open",Purse (US$),Digital Ally Open,Digital Ally Open,1,0,"Which 'Tournament' has lower 'Purse (US$)', 'Albertsons Boise Open', 'Nova Scotia Open' or 'Digital Ally Open'?","Between the Albertsons Boise Open, the Nova Scotia Open, and the Digital Ally Open, which tournament had the smallest prize purse?",Nova Scotia Open,,0
https://en.wikipedia.org/wiki/2016%E2%80%9317_PGA_Tour,"Xander Schauffele,Brooks Koepka,Rickie Fowler",Position,Xander Schauffele,Xander Schauffele,1,1,"Which 'Player' has lower 'Position', 'Xander Schauffele', 'Brooks Koepka' or 'Rickie Fowler'?","Among Xander Schauffele, Brooks Koepka, and Rickie Fowler, who had the best finishing position in the 2016-17 PGA Tour season?",Xander Schauffele,,0
https://en.wikipedia.org/wiki/2016%E2%80%9317_Saudi_Pro_League,"Round 18,Round 15,Round 19",GP.,Round 15,Round 18,0,0,"Which 'Round' has lower 'GP.', 'Round 18', 'Round 15' or 'Round 19'?","Between Round 15, Round 18, and Round 19 of the 2016-17 Saudi Pro League season, which round had the fewest games played?",Round 15,,0
https://en.wikipedia.org/wiki/2016%E2%80%9317_Ukrainian_Premier_League,"Shakhtar Donetsk,Zorya Luhansk,Dnipro",Rank,Dnipro,Shakhtar Donetsk,0,1,"Which 'Club' has lower 'Rank', 'Shakhtar Donetsk', 'Zorya Luhansk' or 'Dnipro'?","Of Shakhtar Donetsk, Zorya Luhansk, and Dnipro, which team ranked highest in the 2016-17 Ukrainian Premier League?",Shakhtar Donetsk,,0
https://en.wikipedia.org/wiki/2016%E2%80%9317_United_States_national_rugby_sevens_team_season,"Folau Niua,Perry Baker,Ben Pinkelman",Matches,Ben Pinkelman,Ben Pinkelman,1,0,"Which 'Player' has lower 'Matches', 'Folau Niua', 'Perry Baker' or 'Ben Pinkelman'?","Of Folau Niua, Perry Baker, and Ben Pinkelman, who played in the fewest matches during the 2016-17 US national rugby sevens team season?",Perry Baker,,0
https://en.wikipedia.org/wiki/2016_PGA_Tour_Canada,"GolfBC Championship,SIGA Dakota Dunes Open,The Players Cup",Purse (C$),GolfBC Championship,GolfBC Championship,1,1,"Which 'Tournament' has lower 'Purse (C$)', 'GolfBC Championship', 'SIGA Dakota Dunes Open' or 'The Players Cup'?","Which of the following tournaments had the lowest purse: the GolfBC Championship, the SIGA Dakota Dunes Open, or The Players Cup?",GolfBC Championship,,0
https://en.wikipedia.org/wiki/2016_USL_season,"Pittsburgh Riverhounds,Sacramento Republic FC,Rio Grande Valley FC Toros",Capacity,Rio Grande Valley FC Toros,Pittsburgh Riverhounds,0,1,"Which 'Team' has lower 'Capacity', 'Pittsburgh Riverhounds', 'Sacramento Republic FC' or 'Rio Grande Valley FC Toros'?","Between the Pittsburgh Riverhounds, Sacramento Republic FC, and the Rio Grande Valley FC Toros, which team's stadium had the smallest capacity?",Pittsburgh Riverhounds,,0
https://en.wikipedia.org/wiki/2017%E2%80%9318_Saudi_Pro_League,"Round 18,Round 15,Round 19",GP.,Round 15,Round 18,0,0,"Which 'Round' has lower 'GP.', 'Round 18', 'Round 15' or 'Round 19'?","Of Round 15, Round 18, and Round 19 from the 2017-18 Saudi Pro League season, which one had the fewest games played?",Round 19,,0
https://en.wikipedia.org/wiki/2017%E2%80%9318_Ukrainian_Premier_League,"Chornomorets Odesa,Stal Kamianske,Vorskla Poltava",Rank,Vorskla Poltava,Chornomorets Odesa,0,0,"Which 'Club' has lower 'Rank', 'Chornomorets Odesa', 'Stal Kamianske' or 'Vorskla Poltava'?","Between Chornomorets Odesa, Stal Kamianske, and Vorskla Poltava, who ranked the lowest in the 2017-18 Ukrainian Premier League?",Stal Kamianske,,0
https://en.wikipedia.org/wiki/2017_Alps_Tour,"Antoine Rozner,Maxime Radureau,David Borda",Position,Maxime Radureau,Antoine Rozner,0,1,"Which 'Player' has lower 'Position', 'Antoine Rozner', 'Maxime Radureau' or 'David Borda'?","Between Antoine Rozner, Maxime Radureau, and David Borda, who achieved the highest ranking in the 2017 Alps Tour?",Antoine Rozner,,0
https://en.wikipedia.org/wiki/2017_Euro_Beach_Soccer_League,"Romania,Hungary,Estonia",Pos,Estonia,Estonia,1,0,"Which 'Team' has lower 'Pos', 'Romania', 'Hungary' or 'Estonia'?","Between Romania, Hungary, and Estonia, which team had the lowest final ranking in the 2017 Euro Beach Soccer League?",Romania,,0
https://en.wikipedia.org/wiki/2017_PGA_Tour_Canada,"GolfBC Championship,The Players Cup,Staal Foundation Open",Purse (C$),GolfBC Championship,GolfBC Championship,1,0,"Which 'Tournament' has lower 'Purse (C$)', 'GolfBC Championship', 'The Players Cup' or 'Staal Foundation Open'?","Of the GolfBC Championship, The Players Cup, and the Staal Foundation Open, which one had the lowest prize purse?",The Players Cup,,0
https://en.wikipedia.org/wiki/2017_Q_School,"Joe Swail,William Lemons,Alex Davies",Rank,Joe Swail,Joe Swail,1,1,"Which 'Player' has lower 'Rank', 'Joe Swail', 'William Lemons' or 'Alex Davies'?","Between Joe Swail, William Lemons, and Alex Davies, who achieved the best ranking in the 2017 Q School events?",Joe Swail,,0
https://en.wikipedia.org/wiki/2018%E2%80%9319_Bangladesh_Premier_League_(football),"Brothers Union,Chittagong Abahani Ltd.,Dhaka Abahani Ltd.",Capacity,Chittagong Abahani Ltd.,Brothers Union,0,0,"Which 'Team' has lower 'Capacity', 'Brothers Union', 'Chittagong Abahani Ltd.' or 'Dhaka Abahani Ltd.'?","Between Brothers Union, Chittagong Abahani Ltd., and Dhaka Abahani Ltd., which team's stadium has the smallest capacity?",Chittagong Abahani Ltd.,,0
https://en.wikipedia.org/wiki/2018%E2%80%9319_Saudi_Pro_League,"Al-Faisaly,Al-Taawoun,Al-Hilal",Capacity,Al-Faisaly,Al-Faisaly,1,1,"Which 'Team' has lower 'Capacity', 'Al-Faisaly', 'Al-Taawoun' or 'Al-Hilal'?","Between Al-Faisaly, Al-Taawoun, and Al-Hilal, which team has the stadium with the smallest capacity?",Al-Faisaly,,0
https://en.wikipedia.org/wiki/2018%E2%80%9319_Ukrainian_Premier_League,"FC Lviv,Chornomorets Odesa,Karpaty LvivFC Lviv",Rank,FC Lviv,FC Lviv,1,1,"Which 'Club' has lower 'Rank', 'FC Lviv', 'Chornomorets Odesa' or 'Karpaty LvivFC Lviv'?","Between FC Lviv, Chornomorets Odesa, and Karpaty Lviv, which club achieved a higher rank in the 2018–19 Ukrainian Premier League?",FC Lviv,,0
https://en.wikipedia.org/wiki/2018%E2%80%9319_United_States_national_rugby_sevens_team_season,"Madison Hughes,Carlin Isles,Folau Niua",Matches,Folau Niua,Carlin Isles,0,0,"Which 'Player' has lower 'Matches', 'Madison Hughes', 'Carlin Isles' or 'Folau Niua'?","Of Madison Hughes, Carlin Isles, and Folau Niua, who played in the fewest matches during the 2018–19 US national rugby sevens team season?",Folau Niua,,0
