URL,Key,Column,Real Value,Response,Correct,Prompt,Context Response,Context Correct
https://en.wikipedia.org/wiki/1990_Ben_Hogan_Tour,Ben Hogan New England Classic,Location,Maine,Ellington Fields,0,What is the value of 'Location' where 'Tournament' is 'Ben Hogan New England Classic'?,,NA
https://en.wikipedia.org/wiki/1990_FIFA_World_Cup_knockout_stage,A B D E,Italy (A1) plays vs.:,D3,Uruguay,0,What is the value of 'Italy (A1) plays vs.:' where 'Third teams qualify from groups:' is 'A B D E'?,,NA
https://en.wikipedia.org/wiki/1990_PGA_Tour_of_Australia,Victorian Open,Location,Victoria,Victoria Golf Club,0,What is the value of 'Location' where 'Tournament' is 'Victorian Open'?,,NA
https://en.wikipedia.org/wiki/1991%E2%80%9392_Southern_Africa_Tour,Spoornet Classic,Location,Cape,Johannesburg,0,What is the value of 'Location' where 'Tournament' is 'Spoornet Classic'?,,NA
https://en.wikipedia.org/wiki/1991_Ben_Hogan_Tour,Ben Hogan Connecticut Open,Location,Connecticut,Ellington,0,What is the value of 'Location' where 'Tournament' is 'Ben Hogan Connecticut Open'?,,NA
https://en.wikipedia.org/wiki/1991_NCAA_Division_I_women%27s_basketball_tournament,Oklahoma,Bids,1,1,1,What is the value of 'Bids' where 'State' is 'Oklahoma'?,,NA
https://en.wikipedia.org/wiki/1991_PGA_Tour_of_Australasia,Mercedes-Benz Australian Match Play Championship,Location,Victoria,Royal Melbourne,0,What is the value of 'Location' where 'Tournament' is 'Mercedes-Benz Australian Match Play Championship'?,,NA
https://en.wikipedia.org/wiki/1992%E2%80%9393_Southern_Africa_Tour,EVS South African Masters,Location,Transvaal,Sun City,0,What is the value of 'Location' where 'Tournament' is 'EVS South African Masters'?,,NA
https://en.wikipedia.org/wiki/1992_NCAA_Division_I_women%27s_basketball_tournament,Louisiana,Bids,1,1,1,What is the value of 'Bids' where 'State' is 'Louisiana'?,,NA
https://en.wikipedia.org/wiki/1992_PGA_Tour_of_Australasia,Club Cape Schanck Cup,Location,Victoria,"Cape Schanck, Victoria, Australia",0,What is the value of 'Location' where 'Tournament' is 'Club Cape Schanck Cup'?,,NA
https://en.wikipedia.org/wiki/1993%E2%80%9394_Southern_Africa_Tour,Autopage Mount Edgecombe Trophy,Location,Natal,Mount Edgecombe,0,What is the value of 'Location' where 'Tournament' is 'Autopage Mount Edgecombe Trophy'?,,NA
https://en.wikipedia.org/wiki/1993_NCAA_Division_I_women%27s_basketball_tournament,South Carolina,Bids,1,1,1,What is the value of 'Bids' where 'State' is 'South Carolina'?,,NA
https://en.wikipedia.org/wiki/1994_Commonwealth_Games,Cyprus,Rank,15,24,0,What is the value of 'Rank' where 'Nation' is 'Cyprus'?,,NA
https://en.wikipedia.org/wiki/1994_FIFA_World_Cup_knockout_stage,A B D E,Romania (A1) plays vs.:,D3,Argentina,0,What is the value of 'Romania (A1) plays vs.:' where 'Third teams qualify from groups:' is 'A B D E'?,,NA
https://en.wikipedia.org/wiki/1994_Nike_Tour,Nike Boise Open,Location,Idaho,"Boise, Idaho",0,What is the value of 'Location' where 'Tournament' is 'Nike Boise Open'?,,NA
https://en.wikipedia.org/wiki/1995_Asian_PGA_Tour,Langkawi Open,Host country,Malaysia,Malaysia,1,What is the value of 'Host country' where 'Tournament' is 'Langkawi Open'?,,NA
https://en.wikipedia.org/wiki/1995_Canadian_Tour,Morningstar Classic,Location,British Columbia,"Parksville, British Columbia",0,What is the value of 'Location' where 'Tournament' is 'Morningstar Classic'?,,NA
https://en.wikipedia.org/wiki/1995_NCAA_Division_I_women%27s_basketball_tournament,Oklahoma,Bids,2,1,0,What is the value of 'Bids' where 'State' is 'Oklahoma'?,,NA
https://en.wikipedia.org/wiki/1995_Nike_Tour,Nike Philadelphia Classic,Location,North Carolina,"Wayne, Pennsylvania",0,What is the value of 'Location' where 'Tournament' is 'Nike Philadelphia Classic'?,,NA
https://en.wikipedia.org/wiki/1996_Cricket_World_Cup_statistics,Aravinda de Silva,Team,Sri Lanka,Sri Lanka,1,What is the value of 'Team' where 'Players' is 'Aravinda de Silva'?,,NA
https://en.wikipedia.org/wiki/1996_NCAA_Division_I_women%27s_basketball_tournament,Mississippi,Bids,2,1,0,What is the value of 'Bids' where 'State' is 'Mississippi'?,,NA
https://en.wikipedia.org/wiki/1996_Nike_Tour,Nike Ozarks Open,Location,Missouri,"Fayetteville, Arkansas",0,What is the value of 'Location' where 'Tournament' is 'Nike Ozarks Open'?,,NA
https://en.wikipedia.org/wiki/1997%E2%80%9398_Manchester_United_F.C._season,Paul Gibson,Date From,20 October 1997,1997-12-26,0,What is the value of 'Date From' where 'Name' is 'Paul Gibson'?,,NA
https://en.wikipedia.org/wiki/1997_NCAA_Division_I_women%27s_basketball_tournament,South Carolina,Bids,1,1,1,What is the value of 'Bids' where 'State' is 'South Carolina'?,,NA
https://en.wikipedia.org/wiki/1997_Nike_Tour,Nike Hershey Open,Location,Pennsylvania,"Hershey, Pennsylvania",0,What is the value of 'Location' where 'Tournament' is 'Nike Hershey Open'?,,NA
https://en.wikipedia.org/wiki/1997_PGA_Tour,Davis Love III,Position,3,2,0,What is the value of 'Position' where 'Player' is 'Davis Love III'?,,NA
https://en.wikipedia.org/wiki/1998_NCAA_Division_I_women%27s_basketball_tournament,Ohio,Bids,2,2,1,What is the value of 'Bids' where 'State' is 'Ohio'?,,NA
https://en.wikipedia.org/wiki/1998_Nike_Tour,Nike St. Louis Golf Classic,Location,Missouri,Missouri,1,What is the value of 'Location' where 'Tournament' is 'Nike St. Louis Golf Classic'?,,NA
https://en.wikipedia.org/wiki/1999%E2%80%932000_NCAA_football_bowl_games,Alabama,Rank,4,8,0,What is the value of 'Rank' where 'Team' is 'Alabama'?,,NA
https://en.wikipedia.org/wiki/1999_Canadian_Tour,Henry Singer Alberta Open,Location,Alberta,Calgary,0,What is the value of 'Location' where 'Tournament' is 'Henry Singer Alberta Open'?,,NA
https://en.wikipedia.org/wiki/1999_Nike_Tour,Nike Wichita Open,Location,Kansas,"Wichita, Kansas",0,What is the value of 'Location' where 'Tournament' is 'Nike Wichita Open'?,,NA
https://en.wikipedia.org/wiki/2000_Canadian_Tour,Telus Edmonton Open,Location,Alberta,Edmonton,0,What is the value of 'Location' where 'Tournament' is 'Telus Edmonton Open'?,,NA
https://en.wikipedia.org/wiki/2001_PGA_Tour,Williams World Challenge,Location,California,"Sherwood Country Club, Thousand Oaks, California",0,What is the value of 'Location' where 'Tournament' is 'Williams World Challenge'?,,NA
https://en.wikipedia.org/wiki/2002%E2%80%9303_snooker_season,John Higgins,Points 2000/01,22034,6910,0,What is the value of 'Points 2000/01' where 'Player' is 'John Higgins'?,,NA
https://en.wikipedia.org/wiki/2002_PGA_Tour,Vijay Singh,Position,3,2,0,What is the value of 'Position' where 'Player' is 'Vijay Singh'?,,NA
https://en.wikipedia.org/wiki/2002_UEFA_Champions_League_final,Red cards,Bayer Leverkusen,0,0,1,What is the value of 'Bayer Leverkusen' where 'Statistic' is 'Red cards'?,,NA
https://en.wikipedia.org/wiki/2003_AIHL_season,Greg Oddy,Team,Adelaide Avalanche,Adelaide Avalanche,1,What is the value of 'Team' where 'Player' is 'Greg Oddy'?,,NA
https://en.wikipedia.org/wiki/2003_Australian_GT_Performance_Car_Championship,Ross Almond,Position,30,14,0,What is the value of 'Position' where 'Driver' is 'Ross Almond'?,,NA
https://en.wikipedia.org/wiki/2003_Canadian_Tour,Michelin Guadalajara Classic,Location,Mexico,"Guadalajara, Mexico",0,What is the value of 'Location' where 'Tournament' is 'Michelin Guadalajara Classic'?,,NA
https://en.wikipedia.org/wiki/2003_Jordanian_general_election,Karak,Districts,6.0,2,0,What is the value of 'Districts' where 'Governorate' is 'Karak'?,,NA
https://en.wikipedia.org/wiki/2003_PGA_Tour_of_Australasia,Volvo Trucks Klassic,Location,New South Wales,Hyundai Parklands Golf Club,0,What is the value of 'Location' where 'Tournament' is 'Volvo Trucks Klassic'?,,NA
https://en.wikipedia.org/wiki/2003_Rugby_World_Cup_statistics,Joe Rokocoko,Team,New Zealand,New Zealand,1,What is the value of 'Team' where 'Player' is 'Joe Rokocoko'?,,NA
https://en.wikipedia.org/wiki/2004_Australian_federal_election,"Ex-Service, Service and Veterans Party",Total votes,4369,2363,0,"What is the value of 'Total votes' where 'Minor party' is 'Ex-Service, Service and Veterans Party'?",,NA
https://en.wikipedia.org/wiki/2004_Champions_Tour,Ford Senior Players Championship,Location,Michigan,"Dearborn, Michigan",0,What is the value of 'Location' where 'Tournament' is 'Ford Senior Players Championship'?,,NA
https://en.wikipedia.org/wiki/2004_NCAA_Division_I_women%27s_basketball_tournament,Arizona,Bids,1,2,0,What is the value of 'Bids' where 'State' is 'Arizona'?,,NA
https://en.wikipedia.org/wiki/2005_Armenian_Premier_League,Shirak,City,Gyumri,Gyumri,1,What is the value of 'City' where 'Club' is 'Shirak'?,,NA
https://en.wikipedia.org/wiki/2005_Supercheap_Auto_1000,3,No.,51,3,0,What is the value of 'No.' where 'Pos.' is '3'?,,NA
https://en.wikipedia.org/wiki/2006%E2%80%9307_snooker_season,Ken Doherty,Points 2005/06,20250,19175,0,What is the value of 'Points 2005/06' where 'Player' is 'Ken Doherty'?,,NA
https://en.wikipedia.org/wiki/2006_Australian_Performance_Car_Championship,Martin Miller,Position,4,14,0,What is the value of 'Position' where 'Driver' is 'Martin Miller'?,,NA
https://en.wikipedia.org/wiki/2006_Champions_Tour,Commerce Bank Championship,Location,New York,"East Meadow, New York",0,What is the value of 'Location' where 'Tournament' is 'Commerce Bank Championship'?,,NA
https://en.wikipedia.org/wiki/2006_Kerrick_Sports_Sedan_Series,Geoff Gillespie,Position,19,8,0,What is the value of 'Position' where 'Driver' is 'Geoff Gillespie'?,,NA
https://en.wikipedia.org/wiki/2007%E2%80%9308_snooker_season,Mark Selby,Ch,7.0,5400,0,What is the value of 'Ch' where 'Player' is 'Mark Selby'?,,NA
https://en.wikipedia.org/wiki/2007_Champions_Tour,Bank of America Championship,Location,Massachusetts,"Sutton, Massachusetts",0,What is the value of 'Location' where 'Tournament' is 'Bank of America Championship'?,,NA
https://en.wikipedia.org/wiki/2007_League_of_Ireland_Premier_Division,Cork City,Base,Cork,Turner's Cross,0,What is the value of 'Base' where 'Team' is 'Cork City'?,,NA
https://en.wikipedia.org/wiki/2008%E2%80%9309_Ukrainian_Premier_League,Shakhtar Donetsk,Rank,4,2,0,What is the value of 'Rank' where 'Club' is 'Shakhtar Donetsk'?,,NA
https://en.wikipedia.org/wiki/2008%E2%80%9309_snooker_season,John Higgins,Ch,1.0,3600,0,What is the value of 'Ch' where 'Player' is 'John Higgins'?,,NA
https://en.wikipedia.org/wiki/2008_Champions_Tour,Bank of America Championship,Location,Massachusetts,"Sutton, Massachusetts",0,What is the value of 'Location' where 'Tournament' is 'Bank of America Championship'?,,NA
https://en.wikipedia.org/wiki/2008_United_States_presidential_election_in_New_Hampshire,H. Neal Fendig Jr.,Votes,13,446,0,What is the value of 'Votes' where 'Candidate' is 'H. Neal Fendig Jr.'?,,NA
https://en.wikipedia.org/wiki/2008_United_States_presidential_election_in_Washington_(state),Total,Votes,529932,986419,0,What is the value of 'Votes' where 'Candidate' is 'Total'?,,NA
https://en.wikipedia.org/wiki/2008_Washington_Republican_presidential_caucuses_and_primary,Total,Votes,529932,99453,0,What is the value of 'Votes' where 'Candidate' is 'Total'?,,NA
https://en.wikipedia.org/wiki/2009%E2%80%9310_Summit_League_men%27s_basketball_season,3,Player,Keith Benson,Caleb Walker,0,What is the value of 'Player' where 'Week' is '3'?,,NA
https://en.wikipedia.org/wiki/2009%E2%80%9310_snooker_season,Ali Carter,Ch,1,6400,0,What is the value of 'Ch' where 'Player' is 'Ali Carter'?,,NA
https://en.wikipedia.org/wiki/2010%E2%80%9311_Pakistan_federal_budget,Net Revenue Receipt,Rs. in Billion,1377.4,964,0,What is the value of 'Rs. in Billion' where 'Receipts' is 'Net Revenue Receipt'?,,NA
https://en.wikipedia.org/wiki/2010%E2%80%932014_NCAA_conference_realignment,Horizon,Old membership total,10,10,1,What is the value of 'Old membership total' where 'Conference' is 'Horizon'?,,NA
https://en.wikipedia.org/wiki/2010_Australian_GT_Championship,Maranello Motorsport,Car,Ferrari F430 GT3,Ferrari 430,0,What is the value of 'Car' where 'Team' is 'Maranello Motorsport'?,,NA
https://en.wikipedia.org/wiki/2010_Champions_Tour,Home Care & Hospice First Tee Open at Pebble Beach,Location,California,Pebble Beach,0,What is the value of 'Location' where 'Tournament' is 'Home Care & Hospice First Tee Open at Pebble Beach'?,,NA
https://en.wikipedia.org/wiki/2010s_in_video_games,League of Legends,Gross revenue,"$10,601,000,000",1.5 billion,0,What is the value of 'Gross revenue' where 'Title' is 'League of Legends'?,,NA
https://en.wikipedia.org/wiki/2011%E2%80%9312_South_African_Premiership,Black Leopards,Location of training field,Polokwane,Seshego,0,What is the value of 'Location of training field' where 'Team' is 'Black Leopards'?,,NA
https://en.wikipedia.org/wiki/2011_Alps_Tour,Chris Paisley,Position,3,5,0,What is the value of 'Position' where 'Player' is 'Chris Paisley'?,,NA
https://en.wikipedia.org/wiki/2011_Australian_GT_Championship,Andrew Taplin,No,3,8,0,What is the value of 'No' where 'Driver' is 'Andrew Taplin'?,,NA
https://en.wikipedia.org/wiki/2011_Big_Easy_Tour,Observatory Golf Club,Location,Gauteng,Johannesburg,0,What is the value of 'Location' where 'Tournament' is 'Observatory Golf Club'?,,NA
https://en.wikipedia.org/wiki/2011_Challenge_Trophy,Toronto Celtic,Place,3.0,5,0,What is the value of 'Place' where 'Team' is 'Toronto Celtic'?,,NA
https://en.wikipedia.org/wiki/2011_Champions_Tour,Nature Valley First Tee Open at Pebble Beach,Location,California,Pebble Beach,0,What is the value of 'Location' where 'Tournament' is 'Nature Valley First Tee Open at Pebble Beach'?,,NA
https://en.wikipedia.org/wiki/2011_European_T20_Championship_Division_One,Jersey,Pos,3rd,6,0,What is the value of 'Pos' where 'Team' is 'Jersey'?,,NA
https://en.wikipedia.org/wiki/2011_European_T20_Championship_Division_Two,Isle of Man,Pos,3rd,6,0,What is the value of 'Pos' where 'Team' is 'Isle of Man'?,,NA
https://en.wikipedia.org/wiki/2011_Korean_Tour,Volvik Gunsan CC Open,Location,North Jeolla,Gunsan,0,What is the value of 'Location' where 'Tournament' is 'Volvik Gunsan CC Open'?,,NA
https://en.wikipedia.org/wiki/2011_LSU_vs._Alabama_football_game,Michael Brockers,Year,2012,2012,1,What is the value of 'Year' where 'Player name' is 'Michael Brockers'?,,NA
https://en.wikipedia.org/wiki/2012%E2%80%9313_South_African_Premiership,Black Leopards,Location of training field,Polokwane,Seshego,0,What is the value of 'Location of training field' where 'Team' is 'Black Leopards'?,,NA
https://en.wikipedia.org/wiki/2012%E2%80%9313_Ukrainian_Premier_League,Karpaty Lviv,Outgoing head coach,Nikolay Kostov,Volodymyr Sharan,0,What is the value of 'Outgoing head coach' where 'Team' is 'Karpaty Lviv'?,,NA
https://en.wikipedia.org/wiki/2012_ACC_Trophy_Elite,Afghanistan,Pos,3rd,1,0,What is the value of 'Pos' where 'Team' is 'Afghanistan'?,,NA
https://en.wikipedia.org/wiki/2012_Big_Easy_Tour,Modderfontein,Location,Gauteng,"Modderfontein Golf Club, Johannesburg",0,What is the value of 'Location' where 'Tournament' is 'Modderfontein'?,,NA
https://en.wikipedia.org/wiki/2012_Champions_Tour,Nature Valley First Tee Open at Pebble Beach,Location,California,Pebble Beach,0,What is the value of 'Location' where 'Tournament' is 'Nature Valley First Tee Open at Pebble Beach'?,,NA
https://en.wikipedia.org/wiki/2012_Nordic_Golf_League,Jens Fahrbring,Position,3,1,0,What is the value of 'Position' where 'Player' is 'Jens Fahrbring'?,,NA
https://en.wikipedia.org/wiki/2012_St._Louis_Cardinals_season,In error-made games,W-L Record,36-39,8-6,0,What is the value of 'W-L Record' where 'Situation' is 'In error-made games'?,,NA
https://en.wikipedia.org/wiki/2012_Supercheap_Auto_Bathurst_1000,Shane van Gisbergen,Position,3,5,0,What is the value of 'Position' where 'Driver' is 'Shane van Gisbergen'?,,NA
https://en.wikipedia.org/wiki/2012_Web.com_Tour,Midwest Classic,Location,Kansas,"Overland Park, Kansas",0,What is the value of 'Location' where 'Tournament' is 'Midwest Classic'?,,NA
https://en.wikipedia.org/wiki/2012_Zimbabwe_Premier_Soccer_League,CAPS United,City,Harare,Harare,1,What is the value of 'City' where 'Team' is 'CAPS United'?,,NA
https://en.wikipedia.org/wiki/2013%E2%80%9314_South_African_Premiership,Bloemfontein Celtic,Location of training field,Bloemfontein,No data provided,0,What is the value of 'Location of training field' where 'Team' is 'Bloemfontein Celtic'?,,NA
https://en.wikipedia.org/wiki/2013%E2%80%9314_Ukrainian_First_League,FC Poltava,Rank,16,3,0,What is the value of 'Rank' where 'Club' is 'FC Poltava'?,,NA
https://en.wikipedia.org/wiki/2013%E2%80%9314_Ukrainian_Premier_League,Oleh Luzhnyi,Team,Tavriya Simferopol,Metalurh Zaporizhzhia,0,What is the value of 'Team' where 'Outgoing head coach' is 'Oleh Luzhnyi'?,,NA
https://en.wikipedia.org/wiki/2013_Australian_Carrera_Cup_Championship,Stephen Grove,Pos.,4,11,0,What is the value of 'Pos.' where 'Driver' is 'Stephen Grove'?,,NA
https://en.wikipedia.org/wiki/2013_Big_Easy_Tour,Centurion CC,Location,Gauteng,Centurion,0,What is the value of 'Location' where 'Tournament' is 'Centurion CC'?,,NA
https://en.wikipedia.org/wiki/2013_MENA_Golf_Tour,Dubai Creek Open,Host country,UAE,United Arab Emirates,0,What is the value of 'Host country' where 'Tournament' is 'Dubai Creek Open'?,,NA
https://en.wikipedia.org/wiki/2013_PGA_Tour,Steve Stricker,Position,3,2,0,What is the value of 'Position' where 'Player' is 'Steve Stricker'?,,NA
https://en.wikipedia.org/wiki/2013_Pro_Golf_Tour,Robin Kind,Position,3,6,0,What is the value of 'Position' where 'Player' is 'Robin Kind'?,,NA
https://en.wikipedia.org/wiki/2013_Q_School,Gareth Green,Rank,3,8,0,What is the value of 'Rank' where 'Player' is 'Gareth Green'?,,NA
https://en.wikipedia.org/wiki/2013_Zimbabwe_Premier_Soccer_League,CAPS United,City,Harare,Harare,1,What is the value of 'City' where 'Team' is 'CAPS United'?,,NA
https://en.wikipedia.org/wiki/2014%E2%80%9315_PGA_Tour,Jason Day,Position,3,1,0,What is the value of 'Position' where 'Player' is 'Jason Day'?,,NA
https://en.wikipedia.org/wiki/2014%E2%80%9315_South_African_Premiership,Bloemfontein Celtic,Province,Free State,Free State,1,What is the value of 'Province' where 'Team' is 'Bloemfontein Celtic'?,,NA
https://en.wikipedia.org/wiki/2014_Commonwealth_Games,Mixed doubles,Sport,Table tennis,Badminton,0,What is the value of 'Sport' where 'Event' is 'Mixed doubles'?,,NA
https://en.wikipedia.org/wiki/2014_PGA_Tour_Canada,Syncrude Boreal Open,Location,Alberta,"Fort McMurray, Alberta, Canada",0,What is the value of 'Location' where 'Tournament' is 'Syncrude Boreal Open'?,,NA
https://en.wikipedia.org/wiki/2014_Pro_Golf_Tour,Sean Einhaus,Position,3,8,0,What is the value of 'Position' where 'Player' is 'Sean Einhaus'?,,NA
https://en.wikipedia.org/wiki/2014_Q_School,Alex Pagulayan,Rank,T2,1,0,What is the value of 'Rank' where 'Player' is 'Alex Pagulayan'?,,NA
https://en.wikipedia.org/wiki/2015%E2%80%9316_PGA_Tour,Patrick Reed,Position,3,8,0,What is the value of 'Position' where 'Player' is 'Patrick Reed'?,,NA
https://en.wikipedia.org/wiki/2015%E2%80%9316_Saudi_Pro_League,Round 18,GP.,7,10,0,What is the value of 'GP.' where 'Round' is 'Round 18'?,,NA
https://en.wikipedia.org/wiki/2015%E2%80%9316_South_African_Premiership,Chippa United,City,Port Elizabeth,Port Elizabeth,1,What is the value of 'City' where 'Team' is 'Chippa United'?,,NA
https://en.wikipedia.org/wiki/2015_Alps_Tour,Damien Perrier,Position,3,6,0,What is the value of 'Position' where 'Player' is 'Damien Perrier'?,,NA
https://en.wikipedia.org/wiki/2015_FIBA_Under-19_World_Championship_for_Women,Spain,Rank,4th,4,0,What is the value of 'Rank' where 'Team' is 'Spain'?,,NA
https://en.wikipedia.org/wiki/2015_MERS_outbreak_in_South_Korea,28 July 2015 ~ 24 October 2015,Cases*1*2,186,186*1*2 = 372,0,What is the value of 'Cases*1*2' where 'Date' is '28 July 2015 ~ 24 October 2015'?,,NA
https://en.wikipedia.org/wiki/2015_PGA_Tour_Canada,Syncrude Boreal Open,Location,Alberta,"Fort McMurray, Alberta",0,What is the value of 'Location' where 'Tournament' is 'Syncrude Boreal Open'?,,NA
https://en.wikipedia.org/wiki/2015_Pacific_Games,Micronesia,Rank,14,19,0,What is the value of 'Rank' where 'Nation' is 'Micronesia'?,,NA
https://en.wikipedia.org/wiki/2015_Pro_Golf_Tour,Reinier Saxton,Position,3,6,0,What is the value of 'Position' where 'Player' is 'Reinier Saxton'?,,NA
https://en.wikipedia.org/wiki/2015_Q_School,Adam Duffy,Rank,3,4,0,What is the value of 'Rank' where 'Player' is 'Adam Duffy'?,,NA
https://en.wikipedia.org/wiki/2015_SARU_Community_Cup,Durban Collegians,Sponsored Name,SA Home Loans Durban Collegians,SA Home Loans Durban Collegians,1,What is the value of 'Sponsored Name' where 'Team' is 'Durban Collegians'?,,NA
https://en.wikipedia.org/wiki/2015_UCI_men%27s_road_cycling_rankings,France,Rank,3.0,2,0,What is the value of 'Rank' where 'Nation' is 'France'?,,NA
https://en.wikipedia.org/wiki/2015_Web.com_Tour,Albertsons Boise Open,Location,Idaho,"Boise, Idaho",0,What is the value of 'Location' where 'Tournament' is 'Albertsons Boise Open'?,,NA
https://en.wikipedia.org/wiki/2015_Western_Michigan_Broncos_football_team,Ed Pinkham,Position,"Defensive coordinator, Defensive backs",Defensive Line,0,What is the value of 'Position' where 'Name' is 'Ed Pinkham'?,,NA
https://en.wikipedia.org/wiki/2016%E2%80%9317_PGA_Tour,Xander Schauffele,Position,3,5,0,What is the value of 'Position' where 'Player' is 'Xander Schauffele'?,,NA
https://en.wikipedia.org/wiki/2016%E2%80%9317_Saudi_Pro_League,Round 18,GP.,7,11362,0,What is the value of 'GP.' where 'Round' is 'Round 18'?,,NA
https://en.wikipedia.org/wiki/2016%E2%80%9317_Ukrainian_Premier_League,Shakhtar Donetsk,Rank,3,1,0,What is the value of 'Rank' where 'Club' is 'Shakhtar Donetsk'?,,NA
https://en.wikipedia.org/wiki/2016%E2%80%9317_United_States_national_rugby_sevens_team_season,Folau Niua,Matches,57,10,0,What is the value of 'Matches' where 'Player' is 'Folau Niua'?,,NA
https://en.wikipedia.org/wiki/2016_AFC_Champions_League,Ismail Ahmed,Position,Defenders,Defender,0,What is the value of 'Position' where 'Player' is 'Ismail Ahmed'?,,NA
https://en.wikipedia.org/wiki/2016_Democratic_Party_presidential_debates_and_forums,9,Viewers,5.6 million,8.03 million,0,What is the value of 'Viewers' where 'Debate' is '9'?,,NA
https://en.wikipedia.org/wiki/2016_PGA_Tour_Canada,GolfBC Championship,Location,British Columbia,"Kelowna, British Columbia",0,What is the value of 'Location' where 'Tournament' is 'GolfBC Championship'?,,NA
https://en.wikipedia.org/wiki/2016_Republican_Party_presidential_debates_and_forums,3,Channel,CNBC,CNBC,1,What is the value of 'Channel' where 'Debate' is '3'?,,NA
https://en.wikipedia.org/wiki/2016_USL_season,Pittsburgh Riverhounds,Location,"Pittsburgh, Pennsylvania",Pittsburgh,0,What is the value of 'Location' where 'Team' is 'Pittsburgh Riverhounds'?,,NA
https://en.wikipedia.org/wiki/2016_United_Kingdom_European_Union_membership_referendum,East Midlands,Remain,41%,1475479,0,What is the value of 'Remain' where 'Region' is 'East Midlands'?,,NA
https://en.wikipedia.org/wiki/2016_Western_Michigan_Broncos_football_team,Ed Pinkham,Position,"Defensive coordinator, defensive backs",Defensive Line,0,What is the value of 'Position' where 'Name' is 'Ed Pinkham'?,,NA
https://en.wikipedia.org/wiki/2017%E2%80%9318_Saudi_Pro_League,Round 18,GP.,7,11362,0,What is the value of 'GP.' where 'Round' is 'Round 18'?,,NA
https://en.wikipedia.org/wiki/2017%E2%80%9318_Ukrainian_Premier_League,Chornomorets Odesa,Rank,4,11,0,What is the value of 'Rank' where 'Club' is 'Chornomorets Odesa'?,,NA
https://en.wikipedia.org/wiki/2017%E2%80%9318_United_States_national_rugby_sevens_team_season,Matai Leuta,Pos.,FW,Wing,0,What is the value of 'Pos.' where 'Player' is 'Matai Leuta'?,,NA
https://en.wikipedia.org/wiki/2017_Alps_Tour,Antoine Rozner,Position,3,1,0,What is the value of 'Position' where 'Player' is 'Antoine Rozner'?,,NA
https://en.wikipedia.org/wiki/2017_Euro_Beach_Soccer_League,Romania,Pos,8,7,0,What is the value of 'Pos' where 'Team' is 'Romania'?,,NA
https://en.wikipedia.org/wiki/2017_PGA_Tour_Canada,GolfBC Championship,Location,British Columbia,Kelowna,0,What is the value of 'Location' where 'Tournament' is 'GolfBC Championship'?,,NA
https://en.wikipedia.org/wiki/2017_Q_School,Joe Swail,Rank,3,8,0,What is the value of 'Rank' where 'Player' is 'Joe Swail'?,,NA
https://en.wikipedia.org/wiki/2017_UEFA_Champions_League_final,Shots on target,Juventus,4,3,0,What is the value of 'Juventus' where 'Statistic' is 'Shots on target'?,,NA
https://en.wikipedia.org/wiki/2017_UEFA_Women%27s_Champions_League_final,Shots on target,Lyon,9,9,1,What is the value of 'Lyon' where 'Statistic' is 'Shots on target'?,,NA
https://en.wikipedia.org/wiki/2017_Western_Michigan_Broncos_men%27s_soccer_team,Tim Hermann,Position,Strength and conditioning coach,Assistant Coach,0,What is the value of 'Position' where 'Staff' is 'Tim Hermann'?,,NA
https://en.wikipedia.org/wiki/2018%E2%80%9319_Bangladesh_Premier_League_(football),Brothers Union,Location,Dhaka,Gopalganj,0,What is the value of 'Location' where 'Team' is 'Brothers Union'?,,NA
https://en.wikipedia.org/wiki/2018%E2%80%9319_Saudi_Pro_League,Al-Faisaly,Location,Harmah,Harmah,1,What is the value of 'Location' where 'Team' is 'Al-Faisaly'?,,NA
https://en.wikipedia.org/wiki/2018%E2%80%9319_Ukrainian_Premier_League,FC Lviv,Rank,3,6,0,What is the value of 'Rank' where 'Club' is 'FC Lviv'?,,NA
https://en.wikipedia.org/wiki/2018%E2%80%9319_United_States_national_rugby_sevens_team_season,Madison Hughes,Position,Halfback,Scrum-half,0,What is the value of 'Position' where 'Player' is 'Madison Hughes'?,,NA
https://en.wikipedia.org/wiki/2018%E2%80%9319_snooker_world_rankings,3,After,China Championship,0,0,What is the value of 'After' where 'Revision point' is '3'?,,NA
https://en.wikipedia.org/wiki/2018_Euro_Beach_Soccer_League,Marian Maciuca,Rank,4,11,0,What is the value of 'Rank' where 'Player' is 'Marian Maciuca'?,,NA
https://en.wikipedia.org/wiki/2018_FIFA_Club_World_Cup_final,Shots on target,Real Madrid,3,9,0,What is the value of 'Real Madrid' where 'Statistic' is 'Shots on target'?,,NA
https://en.wikipedia.org/wiki/2018_J2_League,Takayuki Funayama,Rank,3,2,0,What is the value of 'Rank' where 'Player' is 'Takayuki Funayama'?,,NA
https://en.wikipedia.org/wiki/2018_Korean_Tour,Genesis Championship,Location,Gyeonggi,Jack Nicklaus Golf Club Korea,0,What is the value of 'Location' where 'Tournament' is 'Genesis Championship'?,,NA
https://en.wikipedia.org/wiki/2018_PGA_Tour_Canada,GolfBC Championship,Location,British Columbia,"Kelowna, British Columbia",0,What is the value of 'Location' where 'Tournament' is 'GolfBC Championship'?,,NA
https://en.wikipedia.org/wiki/2018_Pakistani_Senate_election,Raza Rabbani,Seat Type,General,Technocrat/Ulema,0,What is the value of 'Seat Type' where 'Candidate' is 'Raza Rabbani'?,,NA
https://en.wikipedia.org/wiki/2018_Philippine_Golf_Tour,ICTSI Manila Southwoods Championship,Location,Manila,Manila Southwoods Golf and Country Club,0,What is the value of 'Location' where 'Tournament' is 'ICTSI Manila Southwoods Championship'?,,NA
https://en.wikipedia.org/wiki/2018_Q_School,James Cahill,Rank,3,1,0,What is the value of 'Rank' where 'Player' is 'James Cahill'?,,NA
https://en.wikipedia.org/wiki/2018_Trinidad_and_Tobago_floods,Paria Road,STATUS,Landslips cleared from 55km to 61km.,Flooded,0,What is the value of 'STATUS' where 'ROADWAY' is 'Paria Road'?,,NA
https://en.wikipedia.org/wiki/2018_UEFA_Women%27s_Champions_League_final,Shots on target,Wolfsburg,3,6,0,What is the value of 'Wolfsburg' where 'Statistic' is 'Shots on target'?,,NA
https://en.wikipedia.org/wiki/2018_Western_Michigan_Broncos_football_team,Justin Tranquill,Award,Wuerffel Trophy,Bronko Nagurski Trophy,0,What is the value of 'Award' where 'Player' is 'Justin Tranquill'?,,NA
https://en.wikipedia.org/wiki/2019%E2%80%9320_Bangladesh_Premier_League_(football),Bashundhara Kings,Location,Nilphamari,Dhaka,0,What is the value of 'Location' where 'Team' is 'Bashundhara Kings'?,,NA
https://en.wikipedia.org/wiki/2019%E2%80%9320_Saudi_Pro_League,Round 28,GP.,8,0,0,What is the value of 'GP.' where 'Round' is 'Round 28'?,,NA
https://en.wikipedia.org/wiki/2019%E2%80%9320_Ukrainian_Premier_League,Shakhtar Donetsk,Rank,2,2,1,What is the value of 'Rank' where 'Club' is 'Shakhtar Donetsk'?,,NA
https://en.wikipedia.org/wiki/2019%E2%80%9320_snooker_world_rankings,3,After,China Championship,2019 Scottish Open,0,What is the value of 'After' where 'Revision point' is '3'?,,NA
https://en.wikipedia.org/wiki/2019_Euro_Beach_Soccer_League,Georgia,Pos,8,7,0,What is the value of 'Pos' where 'Team' is 'Georgia'?,,NA
https://en.wikipedia.org/wiki/2019_Pacific_Games,Guam,Rank,14,14,1,What is the value of 'Rank' where 'Nation' is 'Guam'?,,NA
https://en.wikipedia.org/wiki/2019_UEFA_Women%27s_Champions_League_final,Shots on target,Lyon,11,9,0,What is the value of 'Lyon' where 'Statistic' is 'Shots on target'?,,NA
https://en.wikipedia.org/wiki/2020%E2%80%9321_Bangladesh_Premier_League_(football),Mohammad Nayeem,Rank,3,4,0,What is the value of 'Rank' where 'Player' is 'Mohammad Nayeem'?,,NA
https://en.wikipedia.org/wiki/2020%E2%80%9321_Saudi_Pro_League,Al-Batin,Location,Hafar al-Batin,Hafar al-Batin,1,What is the value of 'Location' where 'Team' is 'Al-Batin'?,,NA
https://en.wikipedia.org/wiki/2020%E2%80%9321_snooker_world_rankings,8,After,Tour Championship,38350,0,What is the value of 'After' where 'Revision point' is '8'?,,NA
https://en.wikipedia.org/wiki/2020_AFC_Champions_League,Yu Yang,Position,Defenders,Midfielder,0,What is the value of 'Position' where 'Player' is 'Yu Yang'?,,NA
https://en.wikipedia.org/wiki/2020_CAF_Champions_League_final,Red cards,Zamalek,0,1,0,What is the value of 'Zamalek' where 'Statistic' is 'Red cards'?,,NA
https://en.wikipedia.org/wiki/2020_CONCACAF_Champions_League_final,Shots on target,UANL,5,2,0,What is the value of 'UANL' where 'Statistic' is 'Shots on target'?,,NA
https://en.wikipedia.org/wiki/2020_DFB-Pokal_final,Shots on target,Bayer Leverkusen,3,5,0,What is the value of 'Bayer Leverkusen' where 'Statistic' is 'Shots on target'?,,NA
https://en.wikipedia.org/wiki/2020_Metro_Manila_Film_Festival,Isa Pang Bahaghari,Starring,"Nora Aunor, Phillip Salvador, Michael de Mesa","Phillip Salvador, Carla Abellana",0,What is the value of 'Starring' where 'Title' is 'Isa Pang Bahaghari'?,,NA
https://en.wikipedia.org/wiki/2020_PGA_Tour_Canada,GolfBC Championship,Location,British Columbia,"Kelowna, British Columbia",0,What is the value of 'Location' where 'Tournament' is 'GolfBC Championship'?,,NA
https://en.wikipedia.org/wiki/2020_Suncorp_Super_Netball_season,West Coast Fever,Captain/s,Courtney Bruce,"Jhaniele Fowler, Courtney Bruce",0,What is the value of 'Captain/s' where 'Team' is 'West Coast Fever'?,,NA
https://en.wikipedia.org/wiki/2020_UEFA_Champions_League_final,Shots on target,Paris Saint-Germain,2,6,0,What is the value of 'Paris Saint-Germain' where 'Statistic' is 'Shots on target'?,,NA
https://en.wikipedia.org/wiki/2020_UEFA_Europa_League_final,Shots on target,Sevilla,5,9,0,What is the value of 'Sevilla' where 'Statistic' is 'Shots on target'?,,NA
https://en.wikipedia.org/wiki/2020_UEFA_Women%27s_Champions_League_final,Shots on target,VfL Wolfsburg,1,6,0,What is the value of 'VfL Wolfsburg' where 'Statistic' is 'Shots on target'?,,NA
https://en.wikipedia.org/wiki/2021%E2%80%932026_NCAA_conference_realignment,Florida Atlantic Owls,Former Conference,CUSA,Conference USA,0,What is the value of 'Former Conference' where 'School' is 'Florida Atlantic Owls'?,,NA
https://en.wikipedia.org/wiki/2021%E2%80%9322_Bangladesh_Premier_League_(football),Chittagong Abahani Ltd.,Location,Comilla,Chittagong,0,What is the value of 'Location' where 'Team' is 'Chittagong Abahani Ltd.'?,,NA
https://en.wikipedia.org/wiki/2021%E2%80%9322_Sunshine_Tour,Thriston Lawrence,Position,3,1,0,What is the value of 'Position' where 'Player' is 'Thriston Lawrence'?,,NA
https://en.wikipedia.org/wiki/2021_CAF_Champions_League_final,Red cards,Kaizer Chiefs,1,0,0,What is the value of 'Kaizer Chiefs' where 'Statistic' is 'Red cards'?,,NA
https://en.wikipedia.org/wiki/2021_Q_School,Sanderson Lam,Rank,3,8,0,What is the value of 'Rank' where 'Player' is 'Sanderson Lam'?,,NA
https://en.wikipedia.org/wiki/2021_Suncorp_Super_Netball_season,Ashlee Unie,Moving from,Sunshine Coast Lightning,West Coast Fever,0,What is the value of 'Moving from' where 'Name' is 'Ashlee Unie'?,,NA
https://en.wikipedia.org/wiki/2022%E2%80%9323_Bangladesh_Championship_League,Fortis FC Academy,Location,", Dhaka",Dhaka,0,What is the value of 'Location' where 'Team' is 'Fortis FC Academy'?,,NA
https://en.wikipedia.org/wiki/2022%E2%80%9323_Horizon_League_men%27s_basketball_season,4,Player of the Week,"Dwayne Cohill, Youngstown State",Trey Calvin,0,What is the value of 'Player of the Week' where 'Week' is '4'?,,NA
https://en.wikipedia.org/wiki/2022%E2%80%9323_Saudi_Pro_League,Round 28,GP.,8,135416,0,What is the value of 'GP.' where 'Round' is 'Round 28'?,,NA
https://en.wikipedia.org/wiki/2022_A-League_Men_Grand_Final,Shots on target,Melbourne City,0,4,0,What is the value of 'Melbourne City' where 'Statistic' is 'Shots on target'?,,NA
https://en.wikipedia.org/wiki/2022_AFC_Champions_League_final,Shots on target,Al-Hilal,2,8,0,What is the value of 'Al-Hilal' where 'Statistic' is 'Shots on target'?,,NA
https://en.wikipedia.org/wiki/2022_CAF_Champions_League_final,Red cards,Al Ahly,0,0,1,What is the value of 'Al Ahly' where 'Statistic' is 'Red cards'?,,NA
https://en.wikipedia.org/wiki/2022_FIFA_Club_World_Cup_final,Shots on target,Real Madrid,4,8,0,What is the value of 'Real Madrid' where 'Statistic' is 'Shots on target'?,,NA
https://en.wikipedia.org/wiki/2022_Korn_Ferry_Tour,The Ascendant,Location,Colorado,"Vancouver, Washington",0,What is the value of 'Location' where 'Tournament' is 'The Ascendant'?,,NA
https://en.wikipedia.org/wiki/2022_Philippine_general_election,Election silence,Start,"May 8, 2022","May 7, 2022",0,What is the value of 'Start' where 'Activity' is 'Election silence'?,,NA
https://en.wikipedia.org/wiki/2022_Pro_Golf_Tour,Alan de Bondt,Position,3,8,0,What is the value of 'Position' where 'Player' is 'Alan de Bondt'?,,NA
https://en.wikipedia.org/wiki/2022_UEFA_Champions_League_final,Shots on target,Liverpool,5,9,0,What is the value of 'Liverpool' where 'Statistic' is 'Shots on target'?,,NA
https://en.wikipedia.org/wiki/2022_UEFA_Women%27s_Champions_League_final,Shots on target,Barcelona,2,6,0,What is the value of 'Barcelona' where 'Statistic' is 'Shots on target'?,,NA
https://en.wikipedia.org/wiki/2023%E2%80%9324_Bangladesh_Championship_League,Md Hasebul Hasan Santo,Rank,27,1,0,What is the value of 'Rank' where 'Player' is 'Md Hasebul Hasan Santo'?,,NA
https://en.wikipedia.org/wiki/2023%E2%80%9324_Bangladesh_Premier_League_(football),9,Player,TBD,I don't have any information about the 2023-24 Bangladesh Premier League.,0,What is the value of 'Player' where 'Round' is '9'?,,NA
https://en.wikipedia.org/wiki/2023%E2%80%9324_Horizon_League_men%27s_basketball_season,Youngstown State,GP,17,18,0,What is the value of 'GP' where 'Team' is 'Youngstown State'?,,NA
https://en.wikipedia.org/wiki/2023%E2%80%9324_Saudi_Pro_League,Round 15,GP.,9,95401,0,What is the value of 'GP.' where 'Round' is 'Round 15'?,,NA
https://en.wikipedia.org/wiki/2023_A-League_Men_Grand_Final,Shots on target,Melbourne City,4,6,0,What is the value of 'Melbourne City' where 'Statistic' is 'Shots on target'?,,NA
https://en.wikipedia.org/wiki/2023_CAF_Champions_League_final,Shots on target,Al Ahly,2,4,0,What is the value of 'Al Ahly' where 'Statistic' is 'Shots on target'?,,NA
https://en.wikipedia.org/wiki/2023_Japan_Football_League,Kochi United,Manager,Takafumi Yoshimoto,Kiyoto Furushima,0,What is the value of 'Manager' where 'Club' is 'Kochi United'?,,NA
https://en.wikipedia.org/wiki/2023_Rugby_World_Cup_statistics,Ireland vs New Zealand,Rank,3,6,0,What is the value of 'Rank' where 'Match' is 'Ireland vs New Zealand'?,,NA
https://en.wikipedia.org/wiki/2023_Suncorp_Super_Netball_season,Round 4,GS,C. Koenen,Kiera Austin,0,What is the value of 'GS' where 'Round' is 'Round 4'?,,NA
https://en.wikipedia.org/wiki/2023_UEFA_Champions_League_final,Shots on target,Manchester City,2,8,0,What is the value of 'Manchester City' where 'Statistic' is 'Shots on target'?,,NA
https://en.wikipedia.org/wiki/2023_UEFA_Europa_League_final,Shots on target,Sevilla,1,8,0,What is the value of 'Sevilla' where 'Statistic' is 'Shots on target'?,,NA
https://en.wikipedia.org/wiki/2024_A-League_Men_Grand_Final,Shots on target,Central Coast Mariners,0,6,0,What is the value of 'Central Coast Mariners' where 'Statistic' is 'Shots on target'?,,NA
https://en.wikipedia.org/wiki/2024_Major_League_Baseball_draft,18,Player,Theo Gillen,I don't have any information about the 2024 Major League Baseball draft.,0,What is the value of 'Player' where 'Pick' is '18'?,,NA
https://en.wikipedia.org/wiki/2024_Suncorp_Super_Netball_season,Kadie-Ann Dehaney,Moving from,Sunshine Coast Lightning,West Coast Fever,0,What is the value of 'Moving from' where 'Name' is 'Kadie-Ann Dehaney'?,,NA
https://en.wikipedia.org/wiki/2024_UEFA_Europa_League_final,Shots on target,Atalanta,4,8,0,What is the value of 'Atalanta' where 'Statistic' is 'Shots on target'?,,NA
https://en.wikipedia.org/wiki/20th_Louisiana_Infantry_Regiment,B #2,Nickname,Noel Rangers,Caddo Wildcats,0,What is the value of 'Nickname' where 'Company' is 'B #2'?,,NA
https://en.wikipedia.org/wiki/33rd_Alabama_Infantry_Regiment,C,Counties of Origin,Butler,Barbour,0,What is the value of 'Counties of Origin' where 'Company' is 'C'?,,NA
https://en.wikipedia.org/wiki/6-Diazo-5-oxo-L-norleucine,Asparagine synthetase,Metabolic pathway,Amino acid synthesis,"Alanine, aspartate and glutamate metabolism",0,What is the value of 'Metabolic pathway' where 'Enzyme' is 'Asparagine synthetase'?,,NA
https://en.wikipedia.org/wiki/AACTA_Award_for_Best_Documentary_Series,Kokoda,Year,2010,2009,0,What is the value of 'Year' where 'Film' is 'Kokoda'?,,NA
https://en.wikipedia.org/wiki/AACTA_Award_for_Best_Feature_Length_Documentary,Gayby Baby,Year,2015,2015,1,What is the value of 'Year' where 'Film' is 'Gayby Baby'?,,NA
https://en.wikipedia.org/wiki/AEX_index,ING Group,ICB Sector,Financials,Banks,0,What is the value of 'ICB Sector' where 'Company' is 'ING Group'?,,NA
https://en.wikipedia.org/wiki/AGM-45_Shrike,AGM-45A-3 AGM-45B-3,Guidance Section,Mk 24 Mod 0/1/34,Passive radar,0,What is the value of 'Guidance Section' where 'Designation' is 'AGM-45A-3 AGM-45B-3'?,,NA
https://en.wikipedia.org/wiki/ARIA_Achievement_Awards,1991,Awardee(s),Midnight Oil,Helen Reddy,0,What is the value of 'Awardee(s)' where 'Year' is '1991'?,,NA
https://en.wikipedia.org/wiki/ARIA_Award_for_Best_Female_Artist,Jenny Morris,Wins,2,2,1,What is the value of 'Wins' where 'Artist' is 'Jenny Morris'?,,NA
https://en.wikipedia.org/wiki/ARIA_Award_for_Best_Male_Artist,Illy,Nominations,2,6,0,What is the value of 'Nominations' where 'Artist' is 'Illy'?,,NA
https://en.wikipedia.org/wiki/ARIA_Award_for_Best_Music_DVD,2009,Winner(s),Kasey Chambers & Shane Nicholson,Various Artists,0,What is the value of 'Winner(s)' where 'Year' is '2009'?,,NA
https://en.wikipedia.org/wiki/ARIA_Award_for_Best_New_Talent,1990,Winner(s),Gyan,Tyrrell,0,What is the value of 'Winner(s)' where 'Year' is '1990'?,,NA
https://en.wikipedia.org/wiki/ARIA_Award_for_Best_Rock_Album,2005,Winner(s),Evermore,Grinspoon,0,What is the value of 'Winner(s)' where 'Year' is '2005'?,,NA
https://en.wikipedia.org/wiki/ARIA_Award_for_Best_Urban_Album,2015,Winner(s),Hiatus Kaiyote,Courtney Barnett,0,What is the value of 'Winner(s)' where 'Year' is '2015'?,,NA
https://en.wikipedia.org/wiki/ARIA_Award_for_Engineer_of_the_Year,"Dann Hume, Chris Collins, Matt Corby",Year,2023,2013,0,"What is the value of 'Year' where 'Engineer(s)' is 'Dann Hume, Chris Collins, Matt Corby'?",,NA
https://en.wikipedia.org/wiki/ARIA_Award_for_Producer_of_the_Year,2021,Producer(s),M-Phazes,Dann Hume,0,What is the value of 'Producer(s)' where 'Year' is '2021'?,,NA
https://en.wikipedia.org/wiki/ARIA_Award_for_Single_of_the_Year,2004,Winner(s),Missy Higgins,Missy Higgins,1,What is the value of 'Winner(s)' where 'Year' is '2004'?,,NA
https://en.wikipedia.org/wiki/ASEAN_PGA_Tour,2008,Winner,Angelo Que,Iain Steel,0,What is the value of 'Winner' where 'Year' is '2008'?,,NA
https://en.wikipedia.org/wiki/A_Shot_at_Love_II_with_Tila_Tequila,Hard to Swallow,First aired,"May 6, 2008","October 21, 2008",0,What is the value of 'First aired' where 'Title' is 'Hard to Swallow'?,,NA
https://en.wikipedia.org/wiki/Abaqulusi_Local_Municipality,Enyati Anthracide Mine,Code,52905,NL341007,0,What is the value of 'Code' where 'Place' is 'Enyati Anthracide Mine'?,,NA
https://en.wikipedia.org/wiki/Academy_Award_for_Best_Actress,Bette Davis,Wins,2,2,1,What is the value of 'Wins' where 'Actress' is 'Bette Davis'?,,NA
https://en.wikipedia.org/wiki/Academy_Award_for_Best_Director,Spellbound,Year,1945,1945,1,What is the value of 'Year' where 'Film' is 'Spellbound'?,,NA
https://en.wikipedia.org/wiki/Aconitine,Rat,Type of test,TDLo,Oral,0,What is the value of 'Type of test' where 'Species observed' is 'Rat'?,,NA
https://en.wikipedia.org/wiki/Administrative_distance,OSPF AS Ext,Administrative distance,3100,110,0,What is the value of 'Administrative distance' where 'Routing protocol' is 'OSPF AS Ext'?,,NA
https://en.wikipedia.org/wiki/Administrative_divisions_of_Uttar_Pradesh,Secondary Education,State Level Officer,"Director General, School Education",Director,0,What is the value of 'State Level Officer' where 'Department' is 'Secondary Education'?,,NA
"https://en.wikipedia.org/wiki/Aesch,_Lucerne",2000,population,950,970,0,What is the value of 'population' where 'year' is '2000'?,,NA
https://en.wikipedia.org/wiki/Afro-Asian_Club_Championship,Morocco,Winners,2,0,0,What is the value of 'Winners' where 'Nation' is 'Morocco'?,,NA
https://en.wikipedia.org/wiki/Ahtahkakoop_Cree_Nation,LANNY,Title,Councillor,Councillor,1,What is the value of 'Title' where 'Given Name' is 'LANNY'?,,NA
https://en.wikipedia.org/wiki/Air_pollution_control_law_in_New_Jersey,"P.L.1967, c.105",Synopsis,Makes changes to penalty provisions.,"An act concerning air pollution control and providing for the control and prohibition of air pollution, and amending and supplementing the Air Pollution Control Act",0,"What is the value of 'Synopsis' where 'Pamphlet law' is 'P.L.1967, c.105'?",,NA
https://en.wikipedia.org/wiki/Aircraft_carrier_operations_during_World_War_II,Submarine Torpedoes,Carrier Lost-Time Involvements,29.0,18,0,What is the value of 'Carrier Lost-Time Involvements' where 'Causes For Damage' is 'Submarine Torpedoes'?,,NA
https://en.wikipedia.org/wiki/Airolo,2000,population,1593,514,0,What is the value of 'population' where 'year' is '2000'?,,NA
https://en.wikipedia.org/wiki/Albert_Luthuli_Local_Municipality,Steynsdorp,Code,80121,KZN242,0,What is the value of 'Code' where 'Place' is 'Steynsdorp'?,,NA
https://en.wikipedia.org/wiki/Aleksinac,Montenegrins,Population,68,134,0,What is the value of 'Population' where 'Ethnic group' is 'Montenegrins'?,,NA
https://en.wikipedia.org/wiki/Alley_Oop,The Wizer curses Oop,Start Date,"March 11, 1953",1935-02-05,0,What is the value of 'Start Date' where 'Description' is 'The Wizer curses Oop'?,,NA
https://en.wikipedia.org/wiki/Alternative_Investment_Market,SCPA,Company,Scapa Group plc,Scapa Group plc,1,What is the value of 'Company' where 'Ticker' is 'SCPA'?,,NA
https://en.wikipedia.org/wiki/Amahlathi_Local_Municipality,Marienthal,Code,21318,EC144132,0,What is the value of 'Code' where 'Place' is 'Marienthal'?,,NA
https://en.wikipedia.org/wiki/Amlikon-Bissegg,2000,Population Amlikon,1199,691,0,What is the value of 'Population Amlikon' where 'Year' is '2000'?,,NA
https://en.wikipedia.org/wiki/Amriswil,1990,population,10426,6845,0,What is the value of 'population' where 'year' is '1990'?,,NA
https://en.wikipedia.org/wiki/Ancestral_reconstruction,FastML,Methods,Maximum Likelihood,"Maximum Likelihood, Bayesian",0,What is the value of 'Methods' where 'Name' is 'FastML'?,,NA
https://en.wikipedia.org/wiki/Angola_national_under-17_football_team,1991,Round,did not enter,Quarterfinals,0,What is the value of 'Round' where 'Year' is '1991'?,,NA
https://en.wikipedia.org/wiki/Anti-BDS_laws,South Dakota,Certification,Yes,Contract,0,What is the value of 'Certification' where 'State' is 'South Dakota'?,,NA
https://en.wikipedia.org/wiki/Antipodes_Islands,Total,Area (ha),2103.7,20250,0,What is the value of 'Area (ha)' where 'Location' is 'Total'?,,NA
https://en.wikipedia.org/wiki/Appinite,Cr,Appinite Serie dei Laghi 1,93.0,10,0,What is the value of 'Appinite Serie dei Laghi 1' where 'Trace elements ppm' is 'Cr'?,,NA
https://en.wikipedia.org/wiki/Apple_Music_100_Best_Albums,Alternative,Number of albums,14,23,0,What is the value of 'Number of albums' where 'Genre' is 'Alternative'?,,NA
https://en.wikipedia.org/wiki/Apsis,Venus,Suffix,-cythe -cytherion,Veneris,0,What is the value of 'Suffix' where 'Astronomical host object' is 'Venus'?,,NA
"https://en.wikipedia.org/wiki/Arbus,_Sardinia",Switzerland,Arrivals in town,1508,123,0,What is the value of 'Arrivals in town' where 'Country of origin' is 'Switzerland'?,,NA
https://en.wikipedia.org/wiki/Ardez,2000,population,401,405,0,What is the value of 'population' where 'year' is '2000'?,,NA
https://en.wikipedia.org/wiki/Argentina_at_the_2015_Pan_American_Games,Badminton,Men,3.0,2,0,What is the value of 'Men' where 'Sport' is 'Badminton'?,,NA
https://en.wikipedia.org/wiki/Argentina_at_the_2015_Parapan_American_Games,Cycling,Men,9,5,0,What is the value of 'Men' where 'Sport' is 'Cycling'?,,NA
https://en.wikipedia.org/wiki/Armenian_language,Syria,Armenian speakers,60000,Western Armenian,0,What is the value of 'Armenian speakers' where 'Country' is 'Syria'?,,NA
https://en.wikipedia.org/wiki/Arvigo,1850,population,110,141,0,What is the value of 'population' where 'year' is '1850'?,,NA
https://en.wikipedia.org/wiki/Ascona,1850,population,902,1246,0,What is the value of 'population' where 'year' is '1850'?,,NA
https://en.wikipedia.org/wiki/Asian_Cup_Winners%27_Cup,United Arab Emirates,Titles,0,1,0,What is the value of 'Titles' where 'Nation' is 'United Arab Emirates'?,,NA
https://en.wikipedia.org/wiki/Astrological_sign,Tiger,Yin/Yang,Yang,Yang,1,What is the value of 'Yin/Yang' where 'Sign' is 'Tiger'?,,NA
"https://en.wikipedia.org/wiki/Atlanta_campaign_order_of_battle:_First_phase,_Confederate",Vaughn's Brigade  BG Alfred J. Vaughn   Col Michael Magevney,Division,Cheatham's Division  MG Benjamin F. Cheatham,Cleburne's Division,0,What is the value of 'Division' where 'Brigade' is 'Vaughn's Brigade  BG Alfred J. Vaughn   Col Michael Magevney'?,,NA
"https://en.wikipedia.org/wiki/Atlanta_campaign_order_of_battle:_First_phase,_Union",XX Corps,Army,Army of the Cumberland,Tennessee,0,What is the value of 'Army' where 'Corps' is 'XX Corps'?,,NA
"https://en.wikipedia.org/wiki/Atlanta_campaign_order_of_battle:_Second_phase,_Confederate",Smith's Brigade,Division,Cleburne's Division  MG Patrick R. Cleburne,Maney's Division,0,What is the value of 'Division' where 'Brigade' is 'Smith's Brigade'?,,NA
"https://en.wikipedia.org/wiki/Atlanta_campaign_order_of_battle:_Second_phase,_Union",XX Corps,Army,Army of the Cumberland,Tennessee,0,What is the value of 'Army' where 'Corps' is 'XX Corps'?,,NA
https://en.wikipedia.org/wiki/Atlantic_slave_trade,French Caribbean,Portuguese,2562,131000,0,What is the value of 'Portuguese' where 'Destination' is 'French Caribbean'?,,NA
https://en.wikipedia.org/wiki/Atmakaraka,Brothers,Planet,Kuja,Mars,0,What is the value of 'Planet' where 'Lordship over' is 'Brothers'?,,NA
https://en.wikipedia.org/wiki/Auckland_Islands,Beehive Rock,Area (ha),0.4,2,0,What is the value of 'Area (ha)' where 'Location' is 'Beehive Rock'?,,NA
https://en.wikipedia.org/wiki/Aude,Salles-d'Aude,Population,3255,3298,0,What is the value of 'Population' where 'Town' is 'Salles-d'Aude'?,,NA
https://en.wikipedia.org/wiki/Aurealis_Award_for_Best_Children%27s_Fiction,Stellarphant,Year,2021,2022,0,What is the value of 'Year' where 'Work(s)' is 'Stellarphant'?,,NA
https://en.wikipedia.org/wiki/Aurealis_Award_for_Best_Collection,Living With the Dead,Year,2012,2012,1,What is the value of 'Year' where 'Collection' is 'Living With the Dead'?,,NA
https://en.wikipedia.org/wiki/Aurealis_Award_for_Best_Fantasy_Short_Story,"""Hamelin's Graves""",Year,2017,2012,0,"What is the value of 'Year' where 'Short story' is '""Hamelin's Graves""'?",,NA
https://en.wikipedia.org/wiki/Aurealis_Award_for_Best_Horror_Novella,"""Bad Weather""",Year,2020,2016,0,"What is the value of 'Year' where 'Novella' is '""Bad Weather""'?",,NA
https://en.wikipedia.org/wiki/Aurealis_Award_for_Best_Illustrated_Book_or_Graphic_Novel,Nottingham Vol. 2: A King's Ransom,Year,2022,2022,1,What is the value of 'Year' where 'Illustrated book or graphic novel' is 'Nottingham Vol. 2: A King's Ransom'?,,NA
https://en.wikipedia.org/wiki/Aurealis_Award_for_Best_Young_Adult_Short_Story,"""The Moon Collector""",Year,2018,2016,0,"What is the value of 'Year' where 'Short story' is '""The Moon Collector""'?",,NA
https://en.wikipedia.org/wiki/Australia_at_the_2017_Asian_Winter_Games,Total,Men,18,30,0,What is the value of 'Men' where 'Sport' is 'Total'?,,NA
https://en.wikipedia.org/wiki/Australia_at_the_2022_Commonwealth_Games,Weightlifting,Men,5.0,9,0,What is the value of 'Men' where 'Sport' is 'Weightlifting'?,,NA
https://en.wikipedia.org/wiki/Australia_women%27s_national_field_hockey_squad_records,,Young Player of the Year,Claire Colwill,Ashleigh Nelson,0,What is the value of 'Young Player of the Year' where 'Player of the Year' is 'nan'?,,NA
