article,url,dates,rows,columns,cells,numeric_ratio,popularity,f1_score
1990 Ben Hogan Tour,https://en.wikipedia.org/wiki/1990_Ben_Hogan_Tour,{'Date': '%b %d'},30,5,150,0.2,122,0.64
1990 FIFA World Cup knockout stage,https://en.wikipedia.org/wiki/1990_FIFA_World_Cup_knockout_stage,{},15,5,75,0.0,2952,0.92
1990 PGA Tour of Australia,https://en.wikipedia.org/wiki/1990_PGA_Tour_of_Australia,{'Date': '%d %b'},14,6,84,0.16666666666666666,50,0.43209876543209874
1991–92 Southern Africa Tour,https://en.wikipedia.org/wiki/1991%E2%80%9392_Southern_Africa_Tour,{'Date': '%d %b'},10,6,60,0.3333333333333333,25,0.4347826086956522
1991 Ben Hogan Tour,https://en.wikipedia.org/wiki/1991_Ben_Hogan_Tour,{'Date': '%b %d'},30,5,150,0.2,53,0.68
1991 NCAA Division I women's basketball tournament,https://en.wikipedia.org/wiki/1991_NCAA_Division_I_women%27s_basketball_tournament,{},31,3,93,0.3333333333333333,540,0.6666666666666666
1991 PGA Tour of Australasia,https://en.wikipedia.org/wiki/1991_PGA_Tour_of_Australasia,{'Date': '%d %b'},16,6,96,0.16666666666666666,36,0.2150537634408602
1992–93 Southern Africa Tour,https://en.wikipedia.org/wiki/1992%E2%80%9393_Southern_Africa_Tour,{'Date': '%d %b'},9,6,54,0.3333333333333333,26,0.25757575757575757
1992 NCAA Division I women's basketball tournament,https://en.wikipedia.org/wiki/1992_NCAA_Division_I_women%27s_basketball_tournament,{},30,3,90,0.3333333333333333,562,0.6774193548387096
1992 PGA Tour of Australasia,https://en.wikipedia.org/wiki/1992_PGA_Tour_of_Australasia,{'Date': '%d %b'},17,6,102,0.16666666666666666,37,0.3020833333333333
1993–94 Southern Africa Tour,https://en.wikipedia.org/wiki/1993%E2%80%9394_Southern_Africa_Tour,{'Date': '%d %b'},9,6,54,0.3333333333333333,21,0.28571428571428575
1993 NCAA Division I women's basketball tournament,https://en.wikipedia.org/wiki/1993_NCAA_Division_I_women%27s_basketball_tournament,{},28,3,84,0.3333333333333333,634,0.5555555555555555
1994 Commonwealth Games,https://en.wikipedia.org/wiki/1994_Commonwealth_Games,{},33,6,198,0.8333333333333334,2068,0.8939393939393939
1994 FIFA World Cup knockout stage,https://en.wikipedia.org/wiki/1994_FIFA_World_Cup_knockout_stage,{},15,5,75,0.0,2909,0.20000000000000004
1994 Nike Tour,https://en.wikipedia.org/wiki/1994_Nike_Tour,{'Date': '%b %d'},28,5,140,0.2,49,0.5142857142857142
1995 Asian PGA Tour,https://en.wikipedia.org/wiki/1995_Asian_PGA_Tour,{'Date': '%d %b'},18,5,90,0.2,41,0.16842105263157894
1995 Canadian Tour,https://en.wikipedia.org/wiki/1995_Canadian_Tour,{'Date': '%b %d'},11,5,55,0.2,16,0.41739130434782606
1995 NCAA Division I women's basketball tournament,https://en.wikipedia.org/wiki/1995_NCAA_Division_I_women%27s_basketball_tournament,{},34,3,102,0.3333333333333333,903,0.6368159203980099
1995 Nike Tour,https://en.wikipedia.org/wiki/1995_Nike_Tour,{'Date': '%b %d'},30,5,150,0.2,55,0.7389830508474577
1996 Canadian Tour,https://en.wikipedia.org/wiki/1996_Canadian_Tour,{'Date': '%b %d'},12,5,60,0.2,17,0.4000000000000001
1996 Cricket World Cup statistics,https://en.wikipedia.org/wiki/1996_Cricket_World_Cup_statistics,{},10,12,120,0.75,695,0.44999999999999996
1996 NCAA Division I women's basketball tournament,https://en.wikipedia.org/wiki/1996_NCAA_Division_I_women%27s_basketball_tournament,{},33,3,99,0.3333333333333333,554,0.5396825396825397
1996 Nike Tour,https://en.wikipedia.org/wiki/1996_Nike_Tour,{'Date': '%b %d'},29,5,145,0.2,58,0.6526315789473683
1997–98 Manchester United F.C. season,https://en.wikipedia.org/wiki/1997%E2%80%9398_Manchester_United_F.C._season,"{'Date From': '%d %B %Y', 'Date To': '%d %B %Y'}",16,5,80,0.0,4098,0.1411764705882353
1997 NCAA Division I women's basketball tournament,https://en.wikipedia.org/wiki/1997_NCAA_Division_I_women%27s_basketball_tournament,{},32,3,96,0.3333333333333333,562,0.7301587301587302
1997 Nike Tour,https://en.wikipedia.org/wiki/1997_Nike_Tour,{'Date': '%b %d'},29,5,145,0.2,59,0.6847457627118644
1997 PGA Tour,https://en.wikipedia.org/wiki/1997_PGA_Tour,{},10,3,30,0.6666666666666666,757,0.5333333333333333
1998 NCAA Division I women's basketball tournament,https://en.wikipedia.org/wiki/1998_NCAA_Division_I_women%27s_basketball_tournament,{},35,3,105,0.3333333333333333,806,0.6666666666666667
1998 Nike Tour,https://en.wikipedia.org/wiki/1998_Nike_Tour,{'Date': '%b %d'},30,5,150,0.2,61,0.7533333333333333
1999–2000 NCAA football bowl games,https://en.wikipedia.org/wiki/1999%E2%80%932000_NCAA_football_bowl_games,{},15,4,60,0.25,189,0.4625
1999 Canadian Tour,https://en.wikipedia.org/wiki/1999_Canadian_Tour,{'Date': '%b %d'},14,5,70,0.2,20,0.41481481481481486
1999 Nike Tour,https://en.wikipedia.org/wiki/1999_Nike_Tour,{'Date': '%b %d'},30,5,150,0.2,300,0.6779661016949153
2000 Buy.com Tour,https://en.wikipedia.org/wiki/2000_Buy.com_Tour,{'Date': '%b %d'},31,6,186,0.3333333333333333,56,0.6994535519125684
2000 Canadian Tour,https://en.wikipedia.org/wiki/2000_Canadian_Tour,{'Date': '%b %d'},13,6,78,0.16666666666666666,23,0.32142857142857145
2001 PGA Tour,https://en.wikipedia.org/wiki/2001_PGA_Tour,{'Date': '%b %d'},8,5,40,0.2,778,0.07407407407407408
2002–03 snooker season,https://en.wikipedia.org/wiki/2002%E2%80%9303_snooker_season,{},16,4,64,0.75,322,0.08482142857142856
2002 PGA Tour,https://en.wikipedia.org/wiki/2002_PGA_Tour,{},10,3,30,0.6666666666666666,717,0.4666666666666667
2002 UEFA Champions League final,https://en.wikipedia.org/wiki/2002_UEFA_Champions_League_final,{},9,3,27,0.0,15026,0.631578947368421
2003 AIHL season,https://en.wikipedia.org/wiki/2003_AIHL_season,{},10,8,80,0.625,22,0.08333333333333334
2003 Australian GT Performance Car Championship,https://en.wikipedia.org/wiki/2003_Australian_GT_Performance_Car_Championship,{},36,6,216,0.5,18,0.18421052631578944
2003 Canadian Tour,https://en.wikipedia.org/wiki/2003_Canadian_Tour,{'Date': '%b %d'},11,6,66,0.3333333333333333,18,0.3194444444444445
2003 Jordanian general election,https://en.wikipedia.org/wiki/2003_Jordanian_general_election,{},17,6,102,0.8333333333333334,119,0.7222222222222222
2003 PGA Tour of Australasia,https://en.wikipedia.org/wiki/2003_PGA_Tour_of_Australasia,{'Date': '%d %b'},11,5,55,0.2,40,0.09523809523809525
2003 Rugby World Cup statistics,https://en.wikipedia.org/wiki/2003_Rugby_World_Cup_statistics,{},11,11,121,0.7272727272727273,171,0.3315508021390375
2004 Australian federal election,https://en.wikipedia.org/wiki/2004_Australian_federal_election,{},18,4,72,0.75,6890,0.16216216216216214
2004 Champions Tour,https://en.wikipedia.org/wiki/2004_Champions_Tour,{'Date': '%b %d'},30,5,150,0.2,64,0.8280701754385965
2004 NCAA Division I women's basketball tournament,https://en.wikipedia.org/wiki/2004_NCAA_Division_I_women%27s_basketball_tournament,{},33,3,99,0.3333333333333333,908,0.7096774193548386
2004 PGA Tour of Australasia,https://en.wikipedia.org/wiki/2004_PGA_Tour_of_Australasia,{'Date': '%d %b'},11,5,55,0.2,38,0.18461538461538463
2005 Armenian Premier League,https://en.wikipedia.org/wiki/2005_Armenian_Premier_League,{},9,4,36,0.25,54,0.5277777777777778
2005 Supercheap Auto 1000,https://en.wikipedia.org/wiki/2005_Supercheap_Auto_1000,{},10,6,60,0.3333333333333333,238,0.4166666666666667
2006–07 snooker season,https://en.wikipedia.org/wiki/2006%E2%80%9307_snooker_season,{},16,11,176,0.9090909090909091,232,0.30113636363636365
2006 Australian Performance Car Championship,https://en.wikipedia.org/wiki/2006_Australian_Performance_Car_Championship,{},22,6,132,0.0,9,0.14285714285714282
2006 Champions Tour,https://en.wikipedia.org/wiki/2006_Champions_Tour,{'Date': '%b %d'},29,5,145,0.2,68,0.8142857142857143
2006 Euro Beach Soccer League – Last chance bracket,https://en.wikipedia.org/wiki/2006_Euro_Beach_Soccer_League_%E2%80%93_Last_chance_bracket,{},12,2,24,0.5,15,0.25
2006 Kerrick Sports Sedan Series,https://en.wikipedia.org/wiki/2006_Kerrick_Sports_Sedan_Series,{},26,4,104,0.5,14,0.20454545454545456
2006 PGA Tour of Australasia,https://en.wikipedia.org/wiki/2006_PGA_Tour_of_Australasia,{'Date': '%d %b'},11,5,55,0.2,56,0.07692307692307691
2007–08 snooker season,https://en.wikipedia.org/wiki/2007%E2%80%9308_snooker_season,{},16,12,192,0.9166666666666666,249,0.09595959595959597
2007 Champions Tour,https://en.wikipedia.org/wiki/2007_Champions_Tour,{'Date': '%b %d'},29,5,145,0.2,61,0.7859649122807018
2007 League of Ireland Premier Division,https://en.wikipedia.org/wiki/2007_League_of_Ireland_Premier_Division,{},12,7,84,0.14285714285714285,254,0.7023809523809523
2008–09 Ukrainian Premier League,https://en.wikipedia.org/wiki/2008%E2%80%9309_Ukrainian_Premier_League,{},15,4,60,0.5,212,0.45161290322580644
2008–09 snooker season,https://en.wikipedia.org/wiki/2008%E2%80%9309_snooker_season,{},16,13,208,0.9230769230769231,228,0.07827260458839405
2008 Champions Tour,https://en.wikipedia.org/wiki/2008_Champions_Tour,{'Date': '%b %d'},29,5,145,0.2,69,0.7214285714285713
2008 PGA Tour,https://en.wikipedia.org/wiki/2008_PGA_Tour,{'Date': '%b %d'},10,5,50,0.2,776,0.6117647058823529
2008 United States presidential election in New Hampshire,https://en.wikipedia.org/wiki/2008_United_States_presidential_election_in_New_Hampshire,{},23,4,92,0.5,3337,0.3658536585365854
2008 United States presidential election in Washington (state),https://en.wikipedia.org/wiki/2008_United_States_presidential_election_in_Washington_(state),{},9,4,36,0.5,2222,0.4210526315789474
2008 Washington Republican presidential caucuses and primary,https://en.wikipedia.org/wiki/2008_Washington_Republican_presidential_caucuses_and_primary,{},9,4,36,0.5,69,0.4411764705882353
2009–10 Summit League men's basketball season,https://en.wikipedia.org/wiki/2009%E2%80%9310_Summit_League_men%27s_basketball_season,{},10,4,40,0.25,15,0.4423076923076923
2009–10 snooker season,https://en.wikipedia.org/wiki/2009%E2%80%9310_snooker_season,{},16,11,176,0.9090909090909091,263,0.23863636363636365
2009 Champions Tour,https://en.wikipedia.org/wiki/2009_Champions_Tour,{'Date': '%b %d'},25,5,125,0.2,66,0.848
2010–11 Pakistan federal budget,https://en.wikipedia.org/wiki/2010%E2%80%9311_Pakistan_federal_budget,{},10,2,20,0.5,26,0.12
2010–2014 NCAA conference realignment,https://en.wikipedia.org/wiki/2010%E2%80%932014_NCAA_conference_realignment,{},29,6,174,0.8333333333333334,1351,0.35460992907801414
2010 Australian GT Championship,https://en.wikipedia.org/wiki/2010_Australian_GT_Championship,{},51,5,255,0.2,26,0.19733333333333333
2010 Champions Tour,https://en.wikipedia.org/wiki/2010_Champions_Tour,{'Date': '%b %d'},26,5,130,0.2,76,0.7764705882352941
2010s in video games,https://en.wikipedia.org/wiki/2010s_in_video_games,{},10,7,70,0.0,2596,0.3054187192118227
2011–12 South African Premiership,https://en.wikipedia.org/wiki/2011%E2%80%9312_South_African_Premiership,{},16,5,80,0.2,333,0.775
2011 Alps Tour,https://en.wikipedia.org/wiki/2011_Alps_Tour,{},10,4,40,0.5,13,0.09000000000000001
2011 Australian GT Championship,https://en.wikipedia.org/wiki/2011_Australian_GT_Championship,{},37,4,148,0.25,26,0.19186046511627908
2011 Big Easy Tour,https://en.wikipedia.org/wiki/2011_Big_Easy_Tour,{'Date': '%d %b'},11,5,55,0.2,10,0.10526315789473685
2011 Champions Tour,https://en.wikipedia.org/wiki/2011_Champions_Tour,{'Date': '%b %d'},24,5,120,0.2,70,0.9166666666666666
2011 European T20 Championship Division One,https://en.wikipedia.org/wiki/2011_European_T20_Championship_Division_One,{},12,3,36,0.0,16,0.4722222222222222
2011 European T20 Championship Division Two,https://en.wikipedia.org/wiki/2011_European_T20_Championship_Division_Two,{},11,3,33,0.0,31,0.463768115942029
2011 LSU vs. Alabama football game,https://en.wikipedia.org/wiki/2011_LSU_vs._Alabama_football_game,{},45,7,315,0.42857142857142855,1073,0.8331108144192256
2012–13 South African Premiership,https://en.wikipedia.org/wiki/2012%E2%80%9313_South_African_Premiership,{},16,5,80,0.2,239,0.7
2012–13 Ukrainian Premier League,https://en.wikipedia.org/wiki/2012%E2%80%9313_Ukrainian_Premier_League,"{'Date of vacancy': '%B %d', 'Date of appointment': '%B %d'}",23,7,161,0.0,256,0.3214285714285714
2012 ACC Trophy Elite,https://en.wikipedia.org/wiki/2012_ACC_Trophy_Elite,{},10,2,20,0.0,79,0.75
2012 Big Easy Tour,https://en.wikipedia.org/wiki/2012_Big_Easy_Tour,{'Date': '%d %b'},12,5,60,0.2,8,0.380952380952381
2012 Champions Tour,https://en.wikipedia.org/wiki/2012_Champions_Tour,{'Date': '%b %d'},24,5,120,0.2,61,0.8340425531914893
2012 Nordic Golf League,https://en.wikipedia.org/wiki/2012_Nordic_Golf_League,{},10,4,40,0.5,14,0.1
2012 Republican Party presidential debates and forums,https://en.wikipedia.org/wiki/2012_Republican_Party_presidential_debates_and_forums,{},8,2,16,0.0,538,0.5333333333333333
2012 St. Louis Cardinals season,https://en.wikipedia.org/wiki/2012_St._Louis_Cardinals_season,{},29,3,87,0.3333333333333333,434,0.13513513513513511
2012 Supercheap Auto Bathurst 1000,https://en.wikipedia.org/wiki/2012_Supercheap_Auto_Bathurst_1000,{},10,9,90,0.2222222222222222,219,0.5222222222222223
2012 Web.com Tour,https://en.wikipedia.org/wiki/2012_Web.com_Tour,{'Date': '%b %d'},27,6,162,0.3333333333333333,58,0.9012345679012346
2012 Zimbabwe Premier Soccer League,https://en.wikipedia.org/wiki/2012_Zimbabwe_Premier_Soccer_League,{},16,4,64,0.25,29,0.921875
2013–14 South African Premiership,https://en.wikipedia.org/wiki/2013%E2%80%9314_South_African_Premiership,{},16,5,80,0.2,262,0.7
2013–14 Ukrainian First League,https://en.wikipedia.org/wiki/2013%E2%80%9314_Ukrainian_First_League,{},26,4,104,0.5,41,0.4166666666666667
2013–14 Ukrainian Premier League,https://en.wikipedia.org/wiki/2013%E2%80%9314_Ukrainian_Premier_League,"{'Date of vacancy': '%B %d', 'Date of appointment': '%B %d'}",16,7,112,0.0,331,0.40476190476190477
2013 Australian Carrera Cup Championship,https://en.wikipedia.org/wiki/2013_Australian_Carrera_Cup_Championship,{},15,3,45,0.6666666666666666,36,0.1212121212121212
2013 Big Easy Tour,https://en.wikipedia.org/wiki/2013_Big_Easy_Tour,{'Date': '%d %b'},12,5,60,0.2,8,0.48333333333333334
2013 MENA Golf Tour,https://en.wikipedia.org/wiki/2013_MENA_Golf_Tour,{'Date': '%d %b'},10,5,50,0.2,11,0.5333333333333332
2013 PGA Tour,https://en.wikipedia.org/wiki/2013_PGA_Tour,{},10,4,40,0.75,1020,0.8000000000000002
2013 Pro Golf Tour,https://en.wikipedia.org/wiki/2013_Pro_Golf_Tour,{},10,4,40,0.5,10,0.18000000000000002
2013 Q School,https://en.wikipedia.org/wiki/2013_Q_School,{},10,6,60,0.8333333333333334,34,0.05059523809523809
2013 Zimbabwe Premier Soccer League,https://en.wikipedia.org/wiki/2013_Zimbabwe_Premier_Soccer_League,{},16,4,64,0.25,24,0.75
2014–15 PGA Tour,https://en.wikipedia.org/wiki/2014%E2%80%9315_PGA_Tour,{},10,4,40,0.75,923,0.14375
2014–15 South African Premiership,https://en.wikipedia.org/wiki/2014%E2%80%9315_South_African_Premiership,{},16,4,64,0.25,327,0.703125
2014 Commonwealth Games,https://en.wikipedia.org/wiki/2014_Commonwealth_Games,{'Date': '%d %B'},8,7,56,0.0,6381,0.13127413127413126
2014 PGA Tour Canada,https://en.wikipedia.org/wiki/2014_PGA_Tour_Canada,{'Date': '%b %d'},12,6,72,0.3333333333333333,30,0.8787878787878789
2014 Pro Golf Tour,https://en.wikipedia.org/wiki/2014_Pro_Golf_Tour,{},10,4,40,0.5,12,0.1
2014 Q School,https://en.wikipedia.org/wiki/2014_Q_School,{},10,5,50,0.6,25,0.03773584905660377
2015–16 PGA Tour,https://en.wikipedia.org/wiki/2015%E2%80%9316_PGA_Tour,{},10,4,40,0.75,1005,0.6
2015–16 Saudi Pro League,https://en.wikipedia.org/wiki/2015%E2%80%9316_Saudi_Pro_League,{},27,4,108,0.75,148,0.509433962264151
2015–16 South African Premiership,https://en.wikipedia.org/wiki/2015%E2%80%9316_South_African_Premiership,{},16,4,64,0.25,244,0.703125
2015 Alps Tour,https://en.wikipedia.org/wiki/2015_Alps_Tour,{},10,4,40,0.5,21,0.21666666666666667
2015 MERS outbreak in South Korea,https://en.wikipedia.org/wiki/2015_MERS_outbreak_in_South_Korea,{'Date': '%d %B %Y'},70,3,210,0.6666666666666666,257,0.10919540229885057
2015 PGA Tour Canada,https://en.wikipedia.org/wiki/2015_PGA_Tour_Canada,{'Date': '%b %d'},12,6,72,0.3333333333333333,68,0.855072463768116
2015 Pacific Games,https://en.wikipedia.org/wiki/2015_Pacific_Games,{},24,6,144,0.8333333333333334,605,0.8623188405797102
2015 Pro Golf Tour,https://en.wikipedia.org/wiki/2015_Pro_Golf_Tour,{},10,4,40,0.5,15,0.1142857142857143
2015 Q School,https://en.wikipedia.org/wiki/2015_Q_School,{},10,5,50,0.6,31,0.03225806451612903
2015 SARU Community Cup,https://en.wikipedia.org/wiki/2015_SARU_Community_Cup,{},20,4,80,0.0,58,0.5
2015 UCI men's road cycling rankings,https://en.wikipedia.org/wiki/2015_UCI_men%27s_road_cycling_rankings,{},10,3,30,0.6666666666666666,16,0.5333333333333333
2015 Web.com Tour,https://en.wikipedia.org/wiki/2015_Web.com_Tour,{'Date': '%b %d'},25,6,150,0.3333333333333333,69,0.8819444444444444
2015 Western Michigan Broncos football team,https://en.wikipedia.org/wiki/2015_Western_Michigan_Broncos_football_team,{},10,4,40,0.0,231,0.608695652173913
2016–17 PGA Tour,https://en.wikipedia.org/wiki/2016%E2%80%9317_PGA_Tour,{},10,4,40,0.75,1202,0.425
2016–17 Saudi Pro League,https://en.wikipedia.org/wiki/2016%E2%80%9317_Saudi_Pro_League,{},27,4,108,0.75,151,0.509433962264151
2016–17 Ukrainian Premier League,https://en.wikipedia.org/wiki/2016%E2%80%9317_Ukrainian_Premier_League,{},19,4,76,0.5,261,0.4516129032258065
2016–17 United States national rugby sevens team season,https://en.wikipedia.org/wiki/2016%E2%80%9317_United_States_national_rugby_sevens_team_season,{},12,5,60,0.8,7,0.3
2016 AFC Champions League,https://en.wikipedia.org/wiki/2016_AFC_Champions_League,{},11,3,33,0.0,1700,0.3333333333333333
2016 Democratic Party presidential debates and forums,https://en.wikipedia.org/wiki/2016_Democratic_Party_presidential_debates_and_forums,{},9,4,36,0.25,753,0.41304347826086957
2016 PGA Tour Canada,https://en.wikipedia.org/wiki/2016_PGA_Tour_Canada,{'Date': '%b %d'},12,6,72,0.3333333333333333,37,0.6521739130434783
2016 Republican Party presidential debates and forums,https://en.wikipedia.org/wiki/2016_Republican_Party_presidential_debates_and_forums,{},12,4,48,0.25,2560,0.9166666666666666
2016 USL season,https://en.wikipedia.org/wiki/2016_USL_season,{},29,7,203,0.14285714285714285,242,0.8029556650246306
2016 United Kingdom European Union membership referendum,https://en.wikipedia.org/wiki/2016_United_Kingdom_European_Union_membership_referendum,{},13,4,52,0.0,22910,0.4642857142857143
2016 Western Michigan Broncos football team,https://en.wikipedia.org/wiki/2016_Western_Michigan_Broncos_football_team,{},10,4,40,0.0,1222,0.6363636363636365
2017–18 Saudi Pro League,https://en.wikipedia.org/wiki/2017%E2%80%9318_Saudi_Pro_League,{},27,4,108,0.75,234,0.5283018867924528
2017–18 Ukrainian Premier League,https://en.wikipedia.org/wiki/2017%E2%80%9318_Ukrainian_Premier_League,{},15,5,75,0.4,260,0.6666666666666665
2017–18 United States national rugby sevens team season,https://en.wikipedia.org/wiki/2017%E2%80%9318_United_States_national_rugby_sevens_team_season,{},14,4,56,0.0,15,0.765625
2017 Alps Tour,https://en.wikipedia.org/wiki/2017_Alps_Tour,{},10,4,40,0.5,21,0.23333333333333334
2017 Euro Beach Soccer League,https://en.wikipedia.org/wiki/2017_Euro_Beach_Soccer_League,{},8,3,24,0.3333333333333333,44,0.2916666666666667
2017 PGA Tour Canada,https://en.wikipedia.org/wiki/2017_PGA_Tour_Canada,{'Date': '%b %d'},12,6,72,0.3333333333333333,39,0.8260869565217391
2017 Q School,https://en.wikipedia.org/wiki/2017_Q_School,{},10,5,50,0.8,25,0.062385321100917435
2017 UEFA Champions League final,https://en.wikipedia.org/wiki/2017_UEFA_Champions_League_final,{},10,3,30,0.0,17172,0.41666666666666663
2017 UEFA Women's Champions League final,https://en.wikipedia.org/wiki/2017_UEFA_Women%27s_Champions_League_final,{},10,3,30,0.0,135,0.40579710144927544
2017 Western Michigan Broncos men's soccer team,https://en.wikipedia.org/wiki/2017_Western_Michigan_Broncos_men%27s_soccer_team,{},8,2,16,0.0,14,0.39999999999999997
2018–19 Bangladesh Premier League (football),https://en.wikipedia.org/wiki/2018%E2%80%9319_Bangladesh_Premier_League_(football),{},13,4,52,0.25,93,0.5961538461538461
2018–19 Saudi Pro League,https://en.wikipedia.org/wiki/2018%E2%80%9319_Saudi_Pro_League,{},16,4,64,0.25,482,0.796875
2018–19 Ukrainian Premier League,https://en.wikipedia.org/wiki/2018%E2%80%9319_Ukrainian_Premier_League,{},11,5,55,0.4,315,0.6434782608695652
2018–19 United States national rugby sevens team season,https://en.wikipedia.org/wiki/2018%E2%80%9319_United_States_national_rugby_sevens_team_season,{},12,5,60,0.6,16,0.368
2018–19 snooker world rankings,https://en.wikipedia.org/wiki/2018%E2%80%9319_snooker_world_rankings,{'Date': '%d %b %Y'},11,4,44,0.25,73,0.2931034482758621
2018 CONCACAF Champions League final,https://en.wikipedia.org/wiki/2018_CONCACAF_Champions_League_final,{},10,3,30,0.0,186,0.3636363636363636
2018 Euro Beach Soccer League,https://en.wikipedia.org/wiki/2018_Euro_Beach_Soccer_League,{},14,4,56,0.75,61,0.0625
2018 FIFA Club World Cup final,https://en.wikipedia.org/wiki/2018_FIFA_Club_World_Cup_final,{},10,3,30,0.0,851,0.4444444444444445
2018 J2 League,https://en.wikipedia.org/wiki/2018_J2_League,{},11,4,44,0.5,130,0.2142857142857143
2018 PGA Tour Canada,https://en.wikipedia.org/wiki/2018_PGA_Tour_Canada,{'Date': '%b %d'},13,6,78,0.3333333333333333,44,0.8194444444444444
2018 Pakistani Senate election,https://en.wikipedia.org/wiki/2018_Pakistani_Senate_election,{},33,3,99,0.0,515,0.13698630136986303
2018 Philippine Golf Tour,https://en.wikipedia.org/wiki/2018_Philippine_Golf_Tour,{'Date': '%d %b'},10,5,50,0.2,9,0.1846153846153846
2018 Q School,https://en.wikipedia.org/wiki/2018_Q_School,{},10,6,60,0.8333333333333334,76,0.045454545454545456
2018 Trinidad and Tobago floods,https://en.wikipedia.org/wiki/2018_Trinidad_and_Tobago_floods,{},27,2,54,0.0,51,0.14925373134328357
2018 UEFA Women's Champions League final,https://en.wikipedia.org/wiki/2018_UEFA_Women%27s_Champions_League_final,{},10,3,30,0.0,226,0.6031746031746033
2018 Western Michigan Broncos football team,https://en.wikipedia.org/wiki/2018_Western_Michigan_Broncos_football_team,{},8,4,32,0.0,207,0.3695652173913043
2019–20 Bangladesh Premier League (football),https://en.wikipedia.org/wiki/2019%E2%80%9320_Bangladesh_Premier_League_(football),{},13,4,52,0.25,75,0.6153846153846154
2019–20 Saudi Pro League,https://en.wikipedia.org/wiki/2019%E2%80%9320_Saudi_Pro_League,{},31,4,124,0.75,445,0.6311475409836066
2019–20 Ukrainian Premier League,https://en.wikipedia.org/wiki/2019%E2%80%9320_Ukrainian_Premier_League,{},20,5,100,0.4,412,0.5
2019–20 snooker world rankings,https://en.wikipedia.org/wiki/2019%E2%80%9320_snooker_world_rankings,{'Date': '%d %B %Y'},10,4,40,0.25,88,0.27586206896551724
2019 AFC Champions League final,https://en.wikipedia.org/wiki/2019_AFC_Champions_League_final,{},11,3,33,0.0,248,0.4358974358974359
2019 Euro Beach Soccer League,https://en.wikipedia.org/wiki/2019_Euro_Beach_Soccer_League,{},8,3,24,0.3333333333333333,54,0.20833333333333334
2019 Pacific Games,https://en.wikipedia.org/wiki/2019_Pacific_Games,{},24,6,144,0.8333333333333334,846,0.8958333333333334
2019 UEFA Women's Champions League final,https://en.wikipedia.org/wiki/2019_UEFA_Women%27s_Champions_League_final,{},10,3,30,0.0,304,0.5396825396825397
2020–21 Bangladesh Premier League (football),https://en.wikipedia.org/wiki/2020%E2%80%9321_Bangladesh_Premier_League_(football),{},40,5,200,0.6,114,0.06037735849056603
2020–21 Saudi Pro League,https://en.wikipedia.org/wiki/2020%E2%80%9321_Saudi_Pro_League,{},16,4,64,0.25,424,0.90625
2020–21 snooker world rankings,https://en.wikipedia.org/wiki/2020%E2%80%9321_snooker_world_rankings,{'Date': '%d %b %Y'},8,4,32,0.25,87,0.2619047619047619
2020 AFC Champions League,https://en.wikipedia.org/wiki/2020_AFC_Champions_League,{},11,3,33,0.0,3453,0.3939393939393939
2020 CAF Champions League final,https://en.wikipedia.org/wiki/2020_CAF_Champions_League_final,{},8,3,24,0.0,209,0.34920634920634913
2020 CONCACAF Champions League final,https://en.wikipedia.org/wiki/2020_CONCACAF_Champions_League_final,{},10,3,30,0.0,178,0.4444444444444444
2020 DFB-Pokal final,https://en.wikipedia.org/wiki/2020_DFB-Pokal_final,{},10,3,30,0.0,208,0.42857142857142855
2020 Metro Manila Film Festival,https://en.wikipedia.org/wiki/2020_Metro_Manila_Film_Festival,{},10,5,50,0.0,1037,0.66
2020 PGA Tour Canada,https://en.wikipedia.org/wiki/2020_PGA_Tour_Canada,{'Date': '%b %d'},13,3,39,0.0,30,0.6133333333333332
2020 Suncorp Super Netball season,https://en.wikipedia.org/wiki/2020_Suncorp_Super_Netball_season,{},8,4,32,0.0,128,0.8125
2020 UEFA Champions League final,https://en.wikipedia.org/wiki/2020_UEFA_Champions_League_final,{},10,3,30,0.0,23582,0.35897435897435903
2020 UEFA Europa League final,https://en.wikipedia.org/wiki/2020_UEFA_Europa_League_final,{},10,3,30,0.0,3801,0.38461538461538464
2020 UEFA Women's Champions League final,https://en.wikipedia.org/wiki/2020_UEFA_Women%27s_Champions_League_final,{},10,3,30,0.0,564,0.4444444444444444
2021–2026 NCAA conference realignment,https://en.wikipedia.org/wiki/2021%E2%80%932026_NCAA_conference_realignment,{},14,3,42,0.0,9477,0.18918918918918917
2021–22 Bangladesh Premier League (football),https://en.wikipedia.org/wiki/2021%E2%80%9322_Bangladesh_Premier_League_(football),{},12,4,48,0.25,272,0.4375
2021–22 Sunshine Tour,https://en.wikipedia.org/wiki/2021%E2%80%9322_Sunshine_Tour,{},11,4,44,0.5,65,0.1619718309859155
2021 CAF Champions League final,https://en.wikipedia.org/wiki/2021_CAF_Champions_League_final,{},8,3,24,0.0,678,0.3333333333333333
2021 European Truck Racing Championship,https://en.wikipedia.org/wiki/2021_European_Truck_Racing_Championship,{},16,2,32,0.0,112,0.35714285714285715
2021 Q School,https://en.wikipedia.org/wiki/2021_Q_School,{},10,6,60,0.8333333333333334,61,0.06363636363636364
2021 Suncorp Super Netball season,https://en.wikipedia.org/wiki/2021_Suncorp_Super_Netball_season,{},16,3,48,0.0,198,0.22666666666666666
2022–23 Bangladesh Championship League,https://en.wikipedia.org/wiki/2022%E2%80%9323_Bangladesh_Championship_League,{},11,2,22,0.0,227,0.4090909090909091
2022–23 Horizon League men's basketball season,https://en.wikipedia.org/wiki/2022%E2%80%9323_Horizon_League_men%27s_basketball_season,{},17,3,51,0.3333333333333333,32,0.38383838383838387
2022–23 Saudi Pro League,https://en.wikipedia.org/wiki/2022%E2%80%9323_Saudi_Pro_League,{},31,4,124,0.75,8037,0.5081967213114755
2022 A-League Men Grand Final,https://en.wikipedia.org/wiki/2022_A-League_Men_Grand_Final,{},10,3,30,0.0,558,0.41666666666666663
2022 AFC Champions League final,https://en.wikipedia.org/wiki/2022_AFC_Champions_League_final,{},11,3,33,0.0,1371,0.41025641025641024
2022 CAF Champions League final,https://en.wikipedia.org/wiki/2022_CAF_Champions_League_final,{},8,3,24,0.0,261,0.2564102564102564
2022 FIFA Club World Cup final,https://en.wikipedia.org/wiki/2022_FIFA_Club_World_Cup_final,{},10,3,30,0.0,2937,0.2708333333333333
2022 Korn Ferry Tour,https://en.wikipedia.org/wiki/2022_Korn_Ferry_Tour,{'Date': '%b %d'},26,6,156,0.3333333333333333,207,0.9615384615384616
2022 Philippine general election,https://en.wikipedia.org/wiki/2022_Philippine_general_election,{},21,3,63,0.0,5614,0.10526315789473684
2022 Pro Golf Tour,https://en.wikipedia.org/wiki/2022_Pro_Golf_Tour,{},10,4,40,0.5,21,0.15
2022 UEFA Champions League final,https://en.wikipedia.org/wiki/2022_UEFA_Champions_League_final,{},10,3,30,0.0,28641,0.2888888888888889
2022 UEFA Women's Champions League final,https://en.wikipedia.org/wiki/2022_UEFA_Women%27s_Champions_League_final,{},10,3,30,0.0,1323,0.3010752688172043
2023–24 Bangladesh Championship League,https://en.wikipedia.org/wiki/2023%E2%80%9324_Bangladesh_Championship_League,{},66,4,264,0.25,758,0.029069767441860468
2023–24 Bangladesh Premier League (football),https://en.wikipedia.org/wiki/2023%E2%80%9324_Bangladesh_Premier_League_(football),{},9,4,36,0.25,2588,0.35714285714285715
2023–24 Horizon League men's basketball season,https://en.wikipedia.org/wiki/2023%E2%80%9324_Horizon_League_men%27s_basketball_season,{},11,7,77,0.8571428571428571,85,0.23376623376623376
2023–24 Saudi Pro League,https://en.wikipedia.org/wiki/2023%E2%80%9324_Saudi_Pro_League,{},35,4,140,0.75,38650,0.5072463768115941
2023 A-League Men Grand Final,https://en.wikipedia.org/wiki/2023_A-League_Men_Grand_Final,{},10,3,30,0.0,1496,0.37037037037037035
2023 CAF Champions League final,https://en.wikipedia.org/wiki/2023_CAF_Champions_League_final,{},10,3,30,0.0,931,0.303030303030303
2023 Japan Football League,https://en.wikipedia.org/wiki/2023_Japan_Football_League,{},15,4,60,0.0,682,0.4000000000000001
2023 Rugby World Cup statistics,https://en.wikipedia.org/wiki/2023_Rugby_World_Cup_statistics,{},10,4,40,0.5,3665,0.22000000000000003
2023 Suncorp Super Netball season,https://en.wikipedia.org/wiki/2023_Suncorp_Super_Netball_season,{},14,8,112,0.0,751,0.33035714285714285
2023 UEFA Champions League final,https://en.wikipedia.org/wiki/2023_UEFA_Champions_League_final,{},10,3,30,0.0,41021,0.29885057471264365
2023 UEFA Europa League final,https://en.wikipedia.org/wiki/2023_UEFA_Europa_League_final,{},10,3,30,0.0,11221,0.2857142857142857
2024 A-League Men Grand Final,https://en.wikipedia.org/wiki/2024_A-League_Men_Grand_Final,{},10,3,30,0.0,1523,0.20202020202020202
2024 Major League Baseball draft,https://en.wikipedia.org/wiki/2024_Major_League_Baseball_draft,{},30,5,150,0.2,18986,0.47333333333333333
2024 Suncorp Super Netball season,https://en.wikipedia.org/wiki/2024_Suncorp_Super_Netball_season,{},35,3,105,0.0,843,0.4055555555555555
2024 UEFA Europa League final,https://en.wikipedia.org/wiki/2024_UEFA_Europa_League_final,{},10,3,30,0.0,16973,0.33333333333333337
20th Louisiana Infantry Regiment,https://en.wikipedia.org/wiki/20th_Louisiana_Infantry_Regiment,{},12,4,48,0.0,63,0.22727272727272727
33rd Alabama Infantry Regiment,https://en.wikipedia.org/wiki/33rd_Alabama_Infantry_Regiment,{},10,5,50,0.0,303,0.34
6-Diazo-5-oxo-L-norleucine,https://en.wikipedia.org/wiki/6-Diazo-5-oxo-L-norleucine,{},8,2,16,0.0,663,0.15
"6th Battalion, Royal Australian Regiment","https://en.wikipedia.org/wiki/6th_Battalion,_Royal_Australian_Regiment","{'Date commenced': '%B %Y', 'Date ended': '%B %Y'}",28,3,84,0.0,1867,0.03448275862068965
AACTA Award for Best Documentary Series,https://en.wikipedia.org/wiki/AACTA_Award_for_Best_Documentary_Series,{},8,4,32,0.25,20,0.3333333333333333
AACTA Award for Best Feature Length Documentary,https://en.wikipedia.org/wiki/AACTA_Award_for_Best_Feature_Length_Documentary,{},30,3,90,0.3333333333333333,70,0.3603603603603604
AEX index,https://en.wikipedia.org/wiki/AEX_index,{},25,4,100,0.25,2582,0.58
AFI Members' Choice Award,https://en.wikipedia.org/wiki/AFI_Members%27_Choice_Award,{},18,3,54,0.3333333333333333,22,0.7037037037037037
AGM-45 Shrike,https://en.wikipedia.org/wiki/AGM-45_Shrike,{},11,4,44,0.0,5728,0.08
ARIA Achievement Awards,https://en.wikipedia.org/wiki/ARIA_Achievement_Awards,{},14,2,28,0.5,76,0.22222222222222224
ARIA Award for Best Female Artist,https://en.wikipedia.org/wiki/ARIA_Award_for_Best_Female_Artist,{},8,2,16,0.5,120,0.7647058823529411
ARIA Award for Best Male Artist,https://en.wikipedia.org/wiki/ARIA_Award_for_Best_Male_Artist,{},36,2,72,0.5,82,0.39772727272727276
ARIA Award for Best Music DVD,https://en.wikipedia.org/wiki/ARIA_Award_for_Best_Music_DVD,{},48,3,144,0.3333333333333333,22,0.09523809523809525
ARIA Award for Best New Talent,https://en.wikipedia.org/wiki/ARIA_Award_for_Best_New_Talent,{},72,3,216,0.3333333333333333,34,0.09523809523809525
ARIA Award for Best Rock Album,https://en.wikipedia.org/wiki/ARIA_Award_for_Best_Rock_Album,{},162,3,486,0.3333333333333333,183,0.24598930481283418
ARIA Award for Best Urban Album,https://en.wikipedia.org/wiki/ARIA_Award_for_Best_Urban_Album,{},48,3,144,0.3333333333333333,35,0.09523809523809525
ARIA Award for Producer of the Year,https://en.wikipedia.org/wiki/ARIA_Award_for_Producer_of_the_Year,{},239,3,717,0.3333333333333333,74,0.08242424242424243
ARIA Award for Single of the Year,https://en.wikipedia.org/wiki/ARIA_Award_for_Single_of_the_Year,{},147,3,441,0.3333333333333333,331,0.09689922480620156
ASEAN PGA Tour,https://en.wikipedia.org/wiki/ASEAN_PGA_Tour,{},9,3,27,0.6666666666666666,56,0.4
A Shot at Love II with Tila Tequila,https://en.wikipedia.org/wiki/A_Shot_at_Love_II_with_Tila_Tequila,{},12,3,36,0.0,651,0.17391304347826086
Abaqulusi Local Municipality,https://en.wikipedia.org/wiki/Abaqulusi_Local_Municipality,{},15,4,60,0.75,388,0.3863636363636363
Aboriginal Tasmanians,https://en.wikipedia.org/wiki/Aboriginal_Tasmanians,{},10,4,40,0.75,14865,0.25
Academy Award for Best Actress,https://en.wikipedia.org/wiki/Academy_Award_for_Best_Actress,{},15,3,45,0.6666666666666666,106781,0.9195402298850575
Academy Award for Best Director,https://en.wikipedia.org/wiki/Academy_Award_for_Best_Director,{},50,3,150,0.3333333333333333,36986,0.98
Aconitine,https://en.wikipedia.org/wiki/Aconitine,{},22,5,110,0.2,6722,0.23529411764705885
"Ada, Serbia","https://en.wikipedia.org/wiki/Ada,_Serbia",{},21,2,42,0.5,459,0.4390243902439024
Administrative distance,https://en.wikipedia.org/wiki/Administrative_distance,{},21,2,42,0.5,2829,0.08333333333333333
Administrative divisions of Uttar Pradesh,https://en.wikipedia.org/wiki/Administrative_divisions_of_Uttar_Pradesh,{},47,4,188,0.0,4987,0.02777777777777778
"Aesch, Lucerne","https://en.wikipedia.org/wiki/Aesch,_Lucerne",{},9,2,18,0.5,60,0.23076923076923075
Afro-Asian Club Championship,https://en.wikipedia.org/wiki/Afro-Asian_Club_Championship,{},11,3,33,0.6666666666666666,1144,1.0
Ahtahkakoop Cree Nation,https://en.wikipedia.org/wiki/Ahtahkakoop_Cree_Nation,"{'Appointment Date': '%m/%d/%Y', 'Expiry Date': '%m/%d/%Y'}",13,5,65,0.0,263,0.23636363636363636
Aircraft carrier operations during World War II,https://en.wikipedia.org/wiki/Aircraft_carrier_operations_during_World_War_II,{},17,6,102,0.3333333333333333,2505,0.07692307692307691
Airolo,https://en.wikipedia.org/wiki/Airolo,{},8,2,16,0.5,839,0.2142857142857143
Albert Luthuli Local Municipality,https://en.wikipedia.org/wiki/Albert_Luthuli_Local_Municipality,{},22,5,110,0.6,302,0.18461538461538463
Aleksandrovac,https://en.wikipedia.org/wiki/Aleksandrovac,{},21,2,42,0.5,436,0.47500000000000003
Aleksinac,https://en.wikipedia.org/wiki/Aleksinac,{},17,3,51,0.3333333333333333,725,0.3137254901960784
Alternative Investment Market,https://en.wikipedia.org/wiki/Alternative_Investment_Market,{},100,2,200,0.0,2743,0.2982456140350877
"Amador County, California","https://en.wikipedia.org/wiki/Amador_County,_California",{},9,7,63,0.42857142857142855,3197,0.12698412698412698
Amahlathi Local Municipality,https://en.wikipedia.org/wiki/Amahlathi_Local_Municipality,{},27,4,108,0.75,207,0.08928571428571429
Amlikon-Bissegg,https://en.wikipedia.org/wiki/Amlikon-Bissegg,{},9,4,36,0.0,49,0.2692307692307693
Amriswil,https://en.wikipedia.org/wiki/Amriswil,{},8,2,16,0.5,242,0.225
Ancestral reconstruction,https://en.wikipedia.org/wiki/Ancestral_reconstruction,{},26,7,182,0.0,449,0.04545454545454546
Angola national under-17 football team,https://en.wikipedia.org/wiki/Angola_national_under-17_football_team,{},20,10,200,0.1,223,0.655
Anti-BDS laws,https://en.wikipedia.org/wiki/Anti-BDS_laws,{},31,5,155,0.0,20728,0.5833333333333334
Antipodes Islands,https://en.wikipedia.org/wiki/Antipodes_Islands,{},8,2,16,0.5,3030,0.3333333333333333
Apatin,https://en.wikipedia.org/wiki/Apatin,{},21,2,42,0.5,1025,0.47500000000000003
Appinite,https://en.wikipedia.org/wiki/Appinite,{},10,7,70,0.8571428571428571,105,0.1020408163265306
Apple Music 100 Best Albums,https://en.wikipedia.org/wiki/Apple_Music_100_Best_Albums,{},15,3,45,0.3333333333333333,28125,0.3703703703703704
Apsis,https://en.wikipedia.org/wiki/Apsis,{},11,3,33,0.0,16425,0.39999999999999997
Aranđelovac,https://en.wikipedia.org/wiki/Aran%C4%91elovac,{},21,2,42,0.5,925,0.45
Aran and Bidgol County,https://en.wikipedia.org/wiki/Aran_and_Bidgol_County,{},10,4,40,0.75,70,0.2105263157894737
"Arbus, Sardinia","https://en.wikipedia.org/wiki/Arbus,_Sardinia",{},11,2,22,0.5,184,0.27499999999999997
Ardez,https://en.wikipedia.org/wiki/Ardez,{},9,2,18,0.5,897,0.7647058823529411
Argentina at the 2015 Pan American Games,https://en.wikipedia.org/wiki/Argentina_at_the_2015_Pan_American_Games,{},38,4,152,0.75,47,0.5833333333333334
Argentina at the 2015 Parapan American Games,https://en.wikipedia.org/wiki/Argentina_at_the_2015_Parapan_American_Games,{},15,4,60,0.75,9,0.5517241379310344
Arilje,https://en.wikipedia.org/wiki/Arilje,{},21,2,42,0.5,474,0.4871794871794871
Armenian language,https://en.wikipedia.org/wiki/Armenian_language,{},24,3,72,0.3333333333333333,37216,0.4375
Arvigo,https://en.wikipedia.org/wiki/Arvigo,{},11,2,22,0.5,45,0.4210526315789474
Ascona,https://en.wikipedia.org/wiki/Ascona,{},10,2,20,0.5,1421,0.3939393939393939
Asian Cup Winners' Cup,https://en.wikipedia.org/wiki/Asian_Cup_Winners%27_Cup,{},9,4,36,0.75,2371,1.0
Astara County,https://en.wikipedia.org/wiki/Astara_County,{},9,4,36,0.75,151,0.1111111111111111
Astrological sign,https://en.wikipedia.org/wiki/Astrological_sign,{},12,6,72,0.0,107463,0.8194444444444444
"Atlanta campaign order of battle: First phase, Confederate","https://en.wikipedia.org/wiki/Atlanta_campaign_order_of_battle:_First_phase,_Confederate",{},19,3,57,0.0,232,0.09375000000000001
"Atlanta campaign order of battle: First phase, Union","https://en.wikipedia.org/wiki/Atlanta_campaign_order_of_battle:_First_phase,_Union",{},13,7,91,0.7142857142857143,287,0.2987012987012987
"Atlanta campaign order of battle: Second phase, Confederate","https://en.wikipedia.org/wiki/Atlanta_campaign_order_of_battle:_Second_phase,_Confederate",{},18,3,54,0.0,54,0.02150537634408602
"Atlanta campaign order of battle: Second phase, Union","https://en.wikipedia.org/wiki/Atlanta_campaign_order_of_battle:_Second_phase,_Union",{},13,7,91,0.7142857142857143,52,0.28571428571428575
Atlantic slave trade,https://en.wikipedia.org/wiki/Atlantic_slave_trade,{},11,9,99,0.8888888888888888,61591,0.1904761904761905
Auckland Islands,https://en.wikipedia.org/wiki/Auckland_Islands,{},32,2,64,0.5,7356,0.39999999999999997
Aude,https://en.wikipedia.org/wiki/Aude,{},9,5,45,0.6,2650,0.12307692307692307
Aurealis Award for Best Children's Fiction,https://en.wikipedia.org/wiki/Aurealis_Award_for_Best_Children%27s_Fiction,{},59,4,236,0.25,17,0.10714285714285714
Aurealis Award for Best Collection,https://en.wikipedia.org/wiki/Aurealis_Award_for_Best_Collection,{},75,4,300,0.25,17,0.253125
Aurealis Award for Best Fantasy Short Story,https://en.wikipedia.org/wiki/Aurealis_Award_for_Best_Fantasy_Short_Story,{},130,4,520,0.25,35,0.08227848101265824
Aurealis Award for Best Horror Novella,https://en.wikipedia.org/wiki/Aurealis_Award_for_Best_Horror_Novella,{},36,4,144,0.25,20,0.07857142857142858
Aurealis Award for Best Illustrated Book or Graphic Novel,https://en.wikipedia.org/wiki/Aurealis_Award_for_Best_Illustrated_Book_or_Graphic_Novel,{},70,4,280,0.25,18,0.1357615894039735
Aurealis Award for Best Young Adult Short Story,https://en.wikipedia.org/wiki/Aurealis_Award_for_Best_Young_Adult_Short_Story,{},110,4,440,0.25,19,0.07476635514018691
Australia at the 2017 Asian Winter Games,https://en.wikipedia.org/wiki/Australia_at_the_2017_Asian_Winter_Games,{},9,4,36,0.75,41,0.47058823529411764
Australia at the 2022 Commonwealth Games,https://en.wikipedia.org/wiki/Australia_at_the_2022_Commonwealth_Games,{},22,4,88,0.75,430,0.358695652173913
Australia women's national field hockey squad records,https://en.wikipedia.org/wiki/Australia_women%27s_national_field_hockey_squad_records,{},8,3,24,0.0,89,0.23809523809523808
Australians,https://en.wikipedia.org/wiki/Australians,{},8,3,24,1.0,16118,0.16666666666666666
Austria at the 2017 Summer Universiade,https://en.wikipedia.org/wiki/Austria_at_the_2017_Summer_Universiade,{},11,4,44,0.75,9,0.41666666666666663
Austronesian personal pronouns,https://en.wikipedia.org/wiki/Austronesian_personal_pronouns,{},11,5,55,0.0,200,0.2888888888888889
Automatisch,https://en.wikipedia.org/wiki/Automatisch,{},11,2,22,0.5,207,0.5
Automotive fuse,https://en.wikipedia.org/wiki/Automotive_fuse,{},13,4,52,0.75,4459,0.06451612903225808
Auxiliary verb,https://en.wikipedia.org/wiki/Auxiliary_verb,{},27,3,81,0.0,9109,0.22522522522522526
Bäretswil,https://en.wikipedia.org/wiki/B%C3%A4retswil,{},10,2,20,0.5,122,0.19444444444444445
"Bürglen, Thurgau","https://en.wikipedia.org/wiki/B%C3%BCrglen,_Thurgau",{},9,2,18,0.5,62,0.2333333333333333
B7 (protein),https://en.wikipedia.org/wiki/B7_(protein),{},10,3,30,0.0,1024,0.5666666666666667
BBC Goal of the Month,https://en.wikipedia.org/wiki/BBC_Goal_of_the_Month,{},40,3,120,0.6666666666666666,710,0.32900432900432897
BBC Goal of the Season,https://en.wikipedia.org/wiki/BBC_Goal_of_the_Season,{},29,3,87,0.6666666666666666,1383,0.7044025157232704
"Bač, Serbia","https://en.wikipedia.org/wiki/Ba%C4%8D,_Serbia",{},20,2,40,0.5,530,0.10256410256410256
Bačka Palanka,https://en.wikipedia.org/wiki/Ba%C4%8Dka_Palanka,{},21,2,42,0.5,1041,0.45
Bački Petrovac,https://en.wikipedia.org/wiki/Ba%C4%8Dki_Petrovac,{},20,2,40,0.5,589,0.10256410256410256
Babušnica,https://en.wikipedia.org/wiki/Babu%C5%A1nica,{},21,2,42,0.5,317,0.47500000000000003
Bad Dürrenberg,https://en.wikipedia.org/wiki/Bad_D%C3%BCrrenberg,{'Year': '%d %B %Y'},7,2,14,1.0,332,0.1875
Bahrain women's national football team results,https://en.wikipedia.org/wiki/Bahrain_women%27s_national_football_team_results,{},26,10,260,0.8,30,0.4339622641509434
Bajestan County,https://en.wikipedia.org/wiki/Bajestan_County,{},9,3,27,0.6666666666666666,45,0.18518518518518517
Bajina Bašta,https://en.wikipedia.org/wiki/Bajina_Ba%C5%A1ta,{},21,2,42,0.5,938,0.45
Bakharz County,https://en.wikipedia.org/wiki/Bakharz_County,{},8,3,24,0.6666666666666666,36,0.25
Banja Luka,https://en.wikipedia.org/wiki/Banja_Luka,{},20,3,60,0.3333333333333333,15157,0.41025641025641024
Baraha,https://en.wikipedia.org/wiki/Baraha,{},4,2,8,0.0,299,0.35714285714285715
Barajevo,https://en.wikipedia.org/wiki/Barajevo,{},21,2,42,0.5,378,0.45
Barbados at the 2015 Pan American Games,https://en.wikipedia.org/wiki/Barbados_at_the_2015_Pan_American_Games,{},11,4,44,0.75,12,0.631578947368421
Barsedth District,https://en.wikipedia.org/wiki/Barsedth_District,{},15,2,30,0.0,58,0.3333333333333333
Basque verbs,https://en.wikipedia.org/wiki/Basque_verbs,{},20,4,80,0.0,980,0.09836065573770492
Bassersdorf,https://en.wikipedia.org/wiki/Bassersdorf,{},10,2,20,0.5,493,0.5416666666666667
Batočina,https://en.wikipedia.org/wiki/Bato%C4%8Dina,{},20,2,40,0.5,177,0.10526315789473685
Bearing (mechanical),https://en.wikipedia.org/wiki/Bearing_(mechanical),{},12,3,36,0.0,14210,0.04761904761904762
Bedretto,https://en.wikipedia.org/wiki/Bedretto,{},12,2,24,0.5,118,0.30952380952380953
Behabad County,https://en.wikipedia.org/wiki/Behabad_County,{},7,3,21,0.6666666666666666,40,0.22222222222222224
Behbahan County,https://en.wikipedia.org/wiki/Behbahan_County,{},17,4,68,0.75,177,0.140625
Bela-Bela Local Municipality,https://en.wikipedia.org/wiki/Bela-Bela_Local_Municipality,{},8,4,32,0.75,280,0.5666666666666667
Bela Palanka,https://en.wikipedia.org/wiki/Bela_Palanka,{},21,2,42,0.5,455,0.45
Beočin,https://en.wikipedia.org/wiki/Beo%C4%8Din,{},20,2,40,0.5,422,0.10256410256410256
Berg am Irchel,https://en.wikipedia.org/wiki/Berg_am_Irchel,{},8,2,16,0.5,43,0.1891891891891892
Bermuda at the 2015 Pan American Games,https://en.wikipedia.org/wiki/Bermuda_at_the_2015_Pan_American_Games,{},8,4,32,0.75,17,0.7142857142857143
Bern University of Applied Sciences,https://en.wikipedia.org/wiki/Bern_University_of_Applied_Sciences,{},17,6,102,0.5,391,0.21212121212121213
Bernoulli number,https://en.wikipedia.org/wiki/Bernoulli_number,{},9,4,36,0.5,9147,0.24000000000000005
Beromünster,https://en.wikipedia.org/wiki/Berom%C3%BCnster,{},8,2,16,0.5,182,0.30769230769230765
Bharat stage emission standards,https://en.wikipedia.org/wiki/Bharat_stage_emission_standards,{},11,2,22,0.5,10974,0.33333333333333326
Biak language,https://en.wikipedia.org/wiki/Biak_language,{},13,6,78,0.0,592,0.15476190476190474
BibDesk,https://en.wikipedia.org/wiki/BibDesk,{},12,2,24,0.0,410,0.16666666666666669
Bichelsee-Balterswil,https://en.wikipedia.org/wiki/Bichelsee-Balterswil,{},8,3,24,0.0,30,0.3333333333333333
Bijar County,https://en.wikipedia.org/wiki/Bijar_County,{},20,4,80,0.75,133,0.08108108108108107
Bileća,https://en.wikipedia.org/wiki/Bile%C4%87a,{},20,2,40,0.5,957,0.4473684210526316
Bimbilla (Ghana parliament constituency),https://en.wikipedia.org/wiki/Bimbilla_(Ghana_parliament_constituency),{},8,3,24,0.3333333333333333,109,0.6666666666666666
Bischofszell,https://en.wikipedia.org/wiki/Bischofszell,{},11,2,22,0.5,213,0.34782608695652173
Blaenau Gwent County Borough Council,https://en.wikipedia.org/wiki/Blaenau_Gwent_County_Borough_Council,{},16,3,48,0.0,227,0.3541666666666667
Blenders Pride,https://en.wikipedia.org/wiki/Blenders_Pride,{},8,2,16,1.0,4734,0.5555555555555556
Blouberg Local Municipality,https://en.wikipedia.org/wiki/Blouberg_Local_Municipality,{},10,5,50,0.6,290,0.075
Board of Fortifications,https://en.wikipedia.org/wiki/Board_of_Fortifications,{},28,7,196,0.2857142857142857,583,0.19285714285714284
Bodio,https://en.wikipedia.org/wiki/Bodio,{},11,2,22,0.5,174,0.3703703703703703
Bogatić,https://en.wikipedia.org/wiki/Bogati%C4%87,{},21,2,42,0.5,431,0.4615384615384615
Bogdanka Coal Mine,https://en.wikipedia.org/wiki/Bogdanka_Coal_Mine,{},8,2,16,1.0,169,0.625
Bojnik,https://en.wikipedia.org/wiki/Bojnik,{},20,2,40,0.5,323,0.10256410256410256
Boljevac,https://en.wikipedia.org/wiki/Boljevac,{},20,2,40,0.5,689,0.10256410256410256
Boolean satisfiability problem,https://en.wikipedia.org/wiki/Boolean_satisfiability_problem,{},10,5,50,0.0,14962,0.30344827586206896
Boot Service Discovery Protocol,https://en.wikipedia.org/wiki/Boot_Service_Discovery_Protocol,{},15,3,45,0.3333333333333333,131,0.23255813953488372
Bounty Islands,https://en.wikipedia.org/wiki/Bounty_Islands,{},23,3,69,0.3333333333333333,1538,0.5666666666666667
Bowl Championship Series,https://en.wikipedia.org/wiki/Bowl_Championship_Series,{},51,6,306,0.3333333333333333,12507,0.861111111111111
Boxing at the Pan American Games,https://en.wikipedia.org/wiki/Boxing_at_the_Pan_American_Games,{},27,6,162,0.8333333333333334,159,0.5266666666666666
Boxing career of Muhammad Ali,https://en.wikipedia.org/wiki/Boxing_career_of_Muhammad_Ali,{},26,7,182,0.14285714285714285,42460,0.1879699248120301
Brütten,https://en.wikipedia.org/wiki/Br%C3%BCtten,{},9,2,18,0.5,76,0.25
Bratunac,https://en.wikipedia.org/wiki/Bratunac,{},20,2,40,0.5,903,0.48717948717948717
Breede Valley Local Municipality elections,https://en.wikipedia.org/wiki/Breede_Valley_Local_Municipality_elections,{},8,6,48,0.8333333333333334,27,0.3076923076923077
"Breno, Ticino","https://en.wikipedia.org/wiki/Breno,_Ticino",{},8,2,16,1.0,34,0.30769230769230765
Brione (Verzasca),https://en.wikipedia.org/wiki/Brione_(Verzasca),{},8,2,16,0.5,131,0.3043478260869565
British Academy Games Award for Artistic Achievement,https://en.wikipedia.org/wiki/British_Academy_Games_Award_for_Artistic_Achievement,{},22,3,66,0.6666666666666666,146,0.37800687285223367
British Academy Games Award for Audio Achievement,https://en.wikipedia.org/wiki/British_Academy_Games_Award_for_Audio_Achievement,{},26,3,78,0.6666666666666666,121,0.5205479452054794
British Academy Games Award for British Game,https://en.wikipedia.org/wiki/British_Academy_Games_Award_for_British_Game,{},12,2,24,0.5,177,0.2807017543859649
British Academy Games Award for Game Beyond Entertainment,https://en.wikipedia.org/wiki/British_Academy_Games_Award_for_Game_Beyond_Entertainment,{},54,4,216,0.25,239,0.7263157894736841
British Academy Games Award for Game Design,https://en.wikipedia.org/wiki/British_Academy_Games_Award_for_Game_Design,{},15,3,45,0.6666666666666666,176,0.03137254901960785
British Academy Games Award for Narrative,https://en.wikipedia.org/wiki/British_Academy_Games_Award_for_Narrative,{},15,3,45,0.6666666666666666,233,0.03278688524590164
British Academy Games Award for Performer,https://en.wikipedia.org/wiki/British_Academy_Games_Award_for_Performer,{},48,4,192,0.25,656,0.8465909090909091
British Americans,https://en.wikipedia.org/wiki/British_Americans,{},52,3,156,0.3333333333333333,7058,0.33986928104575165
Broadcast to Allied Merchant Ships,https://en.wikipedia.org/wiki/Broadcast_to_Allied_Merchant_Ships,{},9,2,18,0.0,58,0.282051282051282
Bromsgrove District,https://en.wikipedia.org/wiki/Bromsgrove_District,{},22,2,44,1.0,429,0.5348837209302325
Brus,https://en.wikipedia.org/wiki/Brus,{},21,2,42,0.5,464,0.45
"Buchs, Zürich","https://en.wikipedia.org/wiki/Buchs,_Z%C3%BCrich",{},8,2,16,0.5,78,0.33333333333333337
Buffalo City Metropolitan Municipality,https://en.wikipedia.org/wiki/Buffalo_City_Metropolitan_Municipality,{},63,4,252,0.75,1748,0.4074074074074074
Buin Miandasht County,https://en.wikipedia.org/wiki/Buin_Miandasht_County,{},10,2,20,0.5,44,0.10000000000000002
Bulgaria women's national football team results,https://en.wikipedia.org/wiki/Bulgaria_women%27s_national_football_team_results,{},42,10,420,0.8,43,0.46881720430107526
Burkina Faso women's national football team results,https://en.wikipedia.org/wiki/Burkina_Faso_women%27s_national_football_team_results,{},14,10,140,0.8,17,0.5612903225806452
Bushbuckridge Local Municipality,https://en.wikipedia.org/wiki/Bushbuckridge_Local_Municipality,{},17,5,85,0.6,662,0.0756756756756757
C15orf54,https://en.wikipedia.org/wiki/C15orf54,{},20,10,200,0.6,18,0.044444444444444446
C19orf18,https://en.wikipedia.org/wiki/C19orf18,{},12,6,72,0.3333333333333333,15,0.11904761904761905
C7orf61,https://en.wikipedia.org/wiki/C7orf61,{},10,7,70,0.2857142857142857,5,0.09523809523809523
C9orf135,https://en.wikipedia.org/wiki/C9orf135,{},21,7,147,0.14285714285714285,15,0.05714285714285714
C9orf152,https://en.wikipedia.org/wiki/C9orf152,{},18,6,108,0.5,11,0.03875968992248061
CCSDS MO Services,https://en.wikipedia.org/wiki/CCSDS_MO_Services,{},9,2,18,0.0,48,0.04761904761904762
CFAP157,https://en.wikipedia.org/wiki/CFAP157,{},9,5,45,0.0,12,0.05555555555555555
CSI 300 Index,https://en.wikipedia.org/wiki/CSI_300_Index,{},300,5,1500,0.2,6516,0.3218045112781955
C Force,https://en.wikipedia.org/wiki/C_Force,{},29,2,58,0.0,369,0.12500000000000003
Caerphilly County Borough Council,https://en.wikipedia.org/wiki/Caerphilly_County_Borough_Council,{},29,4,116,0.25,296,0.7213114754098361
California Golden Bears rugby,https://en.wikipedia.org/wiki/California_Golden_Bears_rugby,{},8,4,32,0.25,556,0.65625
California locations by crime rate,https://en.wikipedia.org/wiki/California_locations_by_crime_rate,{},58,7,406,0.8571428571428571,1624,0.18719211822660098
California postmile,https://en.wikipedia.org/wiki/California_postmile,{},10,2,20,0.0,383,0.4
Call signs in Canada,https://en.wikipedia.org/wiki/Call_signs_in_Canada,{},19,7,133,0.5714285714285714,839,0.5281385281385281
Calpiogna,https://en.wikipedia.org/wiki/Calpiogna,{},10,2,20,0.5,20,0.4117647058823529
Campbell Islands,https://en.wikipedia.org/wiki/Campbell_Islands,{},14,2,28,0.0,715,0.3846153846153846
Canada and the Kyoto Protocol,https://en.wikipedia.org/wiki/Canada_and_the_Kyoto_Protocol,{},12,4,48,0.75,2113,0.24000000000000002
Canada at the 2015 Pan American Games,https://en.wikipedia.org/wiki/Canada_at_the_2015_Pan_American_Games,{},41,4,164,0.75,187,0.521978021978022
Canada at the 2015 Parapan American Games,https://en.wikipedia.org/wiki/Canada_at_the_2015_Parapan_American_Games,{},15,4,60,0.75,44,0.55
Canadian Football League attendance,https://en.wikipedia.org/wiki/Canadian_Football_League_attendance,{},21,6,126,0.3333333333333333,1039,0.2753623188405797
Cancer vaccine,https://en.wikipedia.org/wiki/Cancer_vaccine,{},10,2,20,0.0,2976,0.2857142857142857
Canton of Geneva,https://en.wikipedia.org/wiki/Canton_of_Geneva,{},11,3,33,0.6666666666666666,9133,0.09259259259259259
Canton of Zug,https://en.wikipedia.org/wiki/Canton_of_Zug,{},16,3,48,0.6666666666666666,3460,0.13333333333333333
Cape Winelands District Municipality,https://en.wikipedia.org/wiki/Cape_Winelands_District_Municipality,{},15,3,45,0.3333333333333333,1485,0.11904761904761904
Capital and Coast District Health Board,https://en.wikipedia.org/wiki/Capital_and_Coast_District_Health_Board,{},11,2,22,0.0,184,0.21739130434782608
Case role,https://en.wikipedia.org/wiki/Case_role,{},13,3,39,0.0,205,0.1951219512195122
Category (mathematics),https://en.wikipedia.org/wiki/Category_(mathematics),{},13,3,39,0.0,4785,0.17391304347826086
Central Karoo District Municipality,https://en.wikipedia.org/wiki/Central_Karoo_District_Municipality,{},15,3,45,0.3333333333333333,730,0.09523809523809523
Chadegan County,https://en.wikipedia.org/wiki/Chadegan_County,{},9,4,36,0.75,41,0.1111111111111111
Chartered organizations of Scouting America,https://en.wikipedia.org/wiki/Chartered_organizations_of_Scouting_America,{},48,5,240,0.4,54,0.041025641025641026
Chengdu-Chongqing dialect,https://en.wikipedia.org/wiki/Chengdu-Chongqing_dialect,{},10,5,50,0.8,701,0.08235294117647059
Chile at the 2015 Pan American Games,https://en.wikipedia.org/wiki/Chile_at_the_2015_Pan_American_Games,{},35,4,140,0.75,33,0.5147058823529411
Chile at the 2015 Parapan American Games,https://en.wikipedia.org/wiki/Chile_at_the_2015_Parapan_American_Games,{'Date': '%B %d'},12,5,60,0.0,9,0.08333333333333333
China at the 2012 Summer Olympics,https://en.wikipedia.org/wiki/China_at_the_2012_Summer_Olympics,{},27,4,108,0.75,2325,0.6339285714285714
China at the 2017 Asian Winter Games,https://en.wikipedia.org/wiki/China_at_the_2017_Asian_Winter_Games,{'Date': '%d %B'},35,5,175,0.0,143,0.2666666666666667
China at the 2017 Summer Universiade,https://en.wikipedia.org/wiki/China_at_the_2017_Summer_Universiade,{},10,4,40,0.75,18,0.25
Chinese Taipei at the 2017 Asian Winter Games,https://en.wikipedia.org/wiki/Chinese_Taipei_at_the_2017_Asian_Winter_Games,{},8,4,32,0.75,23,0.5666666666666667
City of Matlosana,https://en.wikipedia.org/wiki/City_of_Matlosana,{},19,5,95,0.6,302,0.23225806451612904
City of Tshwane Metropolitan Municipality,https://en.wikipedia.org/wiki/City_of_Tshwane_Metropolitan_Municipality,{},53,6,318,0.5,6098,0.2894736842105263
Civil Air Patrol National Cadet Competition,https://en.wikipedia.org/wiki/Civil_Air_Patrol_National_Cadet_Competition,{},40,7,280,0.14285714285714285,84,0.44285714285714284
Climate change in the Netherlands,https://en.wikipedia.org/wiki/Climate_change_in_the_Netherlands,{},8,4,32,1.0,664,0.1097560975609756
Closure of tidal inlets,https://en.wikipedia.org/wiki/Closure_of_tidal_inlets,{},8,5,40,0.4,63,0.2
Coal in India,https://en.wikipedia.org/wiki/Coal_in_India,{},16,3,48,0.3333333333333333,5078,0.5585585585585586
Colombia at the 2017 Summer Universiade,https://en.wikipedia.org/wiki/Colombia_at_the_2017_Summer_Universiade,{},12,4,48,0.75,8,0.22916666666666666
Comedy Central Roast,https://en.wikipedia.org/wiki/Comedy_Central_Roast,{},8,4,32,0.25,21280,0.1
Community of Greater Annecy,https://en.wikipedia.org/wiki/Community_of_Greater_Annecy,{},13,3,39,0.6666666666666666,20,0.31034482758620696
Compass rose,https://en.wikipedia.org/wiki/Compass_rose,{},17,2,34,0.0,11686,0.3636363636363636
Content delivery network,https://en.wikipedia.org/wiki/Content_delivery_network,{},8,4,32,0.0,21737,0.04347826086956522
Contraction (grammar),https://en.wikipedia.org/wiki/Contraction_(grammar),{},9,3,27,0.0,5319,0.1754385964912281
Convenors' Award for Excellence (Aurealis Award),https://en.wikipedia.org/wiki/Convenors%27_Award_for_Excellence_(Aurealis_Award),{},29,3,87,0.3333333333333333,26,0.23076923076923075
Conwy County Borough Council,https://en.wikipedia.org/wiki/Conwy_County_Borough_Council,{},38,3,114,0.3333333333333333,704,0.5
Coptic language,https://en.wikipedia.org/wiki/Coptic_language,{},17,2,34,0.0,31172,0.09999999999999999
Corippo,https://en.wikipedia.org/wiki/Corippo,{},11,2,22,0.5,507,0.40625000000000006
Corporate haven,https://en.wikipedia.org/wiki/Corporate_haven,{},12,8,96,0.625,1939,0.22727272727272727
Costa Rica at the 2015 Pan American Games,https://en.wikipedia.org/wiki/Costa_Rica_at_the_2015_Pan_American_Games,{},25,4,100,0.75,19,0.7
Council House 2,https://en.wikipedia.org/wiki/Council_House_2,{},10,3,30,0.0,506,0.38596491228070173
CountryLink,https://en.wikipedia.org/wiki/CountryLink,{},16,2,32,0.0,830,0.19444444444444442
Crna Trava,https://en.wikipedia.org/wiki/Crna_Trava,{},21,2,42,0.5,478,0.3235294117647059
Croatia at the 2017 Summer Universiade,https://en.wikipedia.org/wiki/Croatia_at_the_2017_Summer_Universiade,{},10,4,40,0.75,9,0.20588235294117646
Cryptanalysis of the Lorenz cipher,https://en.wikipedia.org/wiki/Cryptanalysis_of_the_Lorenz_cipher,{'Time': '%b %Y'},18,2,36,0.0,2045,0.14285714285714288
Cuba at the 2015 Pan American Games,https://en.wikipedia.org/wiki/Cuba_at_the_2015_Pan_American_Games,{},31,4,124,0.75,43,0.5634920634920635
Cuttle,https://en.wikipedia.org/wiki/Cuttle,{},8,2,16,0.0,538,0.4
Cyprus at the 2017 Summer Universiade,https://en.wikipedia.org/wiki/Cyprus_at_the_2017_Summer_Universiade,{},8,4,32,0.75,8,0.28125
Czech Republic at the 2017 Summer Universiade,https://en.wikipedia.org/wiki/Czech_Republic_at_the_2017_Summer_Universiade,{},15,4,60,0.75,10,0.30357142857142855
Dägerlen,https://en.wikipedia.org/wiki/D%C3%A4gerlen,{},10,2,20,0.5,52,0.18867924528301888
Dällikon,https://en.wikipedia.org/wiki/D%C3%A4llikon,{},8,2,16,0.5,105,0.16666666666666669
Dänikon,https://en.wikipedia.org/wiki/D%C3%A4nikon,{},8,2,16,0.5,50,0.23529411764705882
Dübendorf,https://en.wikipedia.org/wiki/D%C3%BCbendorf,{},10,2,20,0.5,830,0.3018867924528302
Damavand County,https://en.wikipedia.org/wiki/Damavand_County,{},13,4,52,0.75,87,0.038461538461538464
Dargaz County,https://en.wikipedia.org/wiki/Dargaz_County,{},16,4,64,0.75,75,0.08333333333333333
Davarzan County,https://en.wikipedia.org/wiki/Davarzan_County,{},8,2,16,0.5,38,0.125
Dearness allowance,https://en.wikipedia.org/wiki/Dearness_allowance,{},13,14,182,1.0,5811,0.7747252747252747
Demographic history of the United States,https://en.wikipedia.org/wiki/Demographic_history_of_the_United_States,{},42,3,126,0.6666666666666666,7827,0.4848484848484849
Demographics of Bradford,https://en.wikipedia.org/wiki/Demographics_of_Bradford,{},20,4,80,0.5,2081,0.22916666666666669
Demographics of Bristol,https://en.wikipedia.org/wiki/Demographics_of_Bristol,{},20,4,80,0.5,922,0.16666666666666666
Demographics of Coventry,https://en.wikipedia.org/wiki/Demographics_of_Coventry,{},20,4,80,0.5,601,0.15
Demographics of France,https://en.wikipedia.org/wiki/Demographics_of_France,{},78,3,234,1.0,36020,0.33760683760683763
Demographics of Greater Manchester,https://en.wikipedia.org/wiki/Demographics_of_Greater_Manchester,{},20,4,80,0.5,1055,0.1721311475409836
Demographics of Leeds,https://en.wikipedia.org/wiki/Demographics_of_Leeds,{},20,4,80,0.5,1271,0.18000000000000002
Demographics of Leicester,https://en.wikipedia.org/wiki/Demographics_of_Leicester,{},20,4,80,0.5,1754,0.16666666666666669
Demographics of Liverpool,https://en.wikipedia.org/wiki/Demographics_of_Liverpool,{},22,4,88,0.25,2047,0.13432835820895525
Demographics of Luton,https://en.wikipedia.org/wiki/Demographics_of_Luton,{},20,4,80,0.5,1273,0.20588235294117646
Demographics of Pakistan,https://en.wikipedia.org/wiki/Demographics_of_Pakistan,{},75,13,975,1.0,19227,0.08102564102564103
Demographics of Sheffield,https://en.wikipedia.org/wiki/Demographics_of_Sheffield,{},20,4,80,0.5,947,0.18333333333333335
Demographics of Switzerland,https://en.wikipedia.org/wiki/Demographics_of_Switzerland,{},222,10,2220,1.0,12094,0.1914221218961625
Demographics of Uttar Pradesh,https://en.wikipedia.org/wiki/Demographics_of_Uttar_Pradesh,{},9,4,36,0.0,12040,0.2058823529411765
Demographics of the world,https://en.wikipedia.org/wiki/Demographics_of_the_world,{},17,12,204,0.9166666666666666,45797,0.040229885057471264
Denbighshire County Council,https://en.wikipedia.org/wiki/Denbighshire_County_Council,{},31,4,124,0.25,289,0.27692307692307694
Densbüren,https://en.wikipedia.org/wiki/Densb%C3%BCren,{},10,3,30,0.3333333333333333,42,0.04597701149425287
Department for International Development,https://en.wikipedia.org/wiki/Department_for_International_Development,{},131,3,393,0.6666666666666666,2760,0.32704402515723274
Derventa,https://en.wikipedia.org/wiki/Derventa,{},20,2,40,0.5,1189,0.4358974358974359
Despotovac,https://en.wikipedia.org/wiki/Despotovac,{},20,2,40,0.5,511,0.07894736842105263
Diagnosis code,https://en.wikipedia.org/wiki/Diagnosis_code,{},9,2,18,0.0,985,0.037037037037037035
Dielsdorf,https://en.wikipedia.org/wiki/Dielsdorf,{},8,2,16,0.5,273,0.411764705882353
Dierikon,https://en.wikipedia.org/wiki/Dierikon,{},9,2,18,0.0,69,0.23076923076923078
Dietlikon,https://en.wikipedia.org/wiki/Dietlikon,{},9,2,18,0.5,178,0.1372549019607843
Digital Opportunity Investment Trust,https://en.wikipedia.org/wiki/Digital_Opportunity_Investment_Trust,{},15,3,45,1.0,20,0.3333333333333333
Dihlabeng Local Municipality,https://en.wikipedia.org/wiki/Dihlabeng_Local_Municipality,{},11,5,55,0.6,311,0.20000000000000004
Dinhard,https://en.wikipedia.org/wiki/Dinhard,{},9,2,18,0.5,47,0.18604651162790695
Distribution of wealth,https://en.wikipedia.org/wiki/Distribution_of_wealth,{},24,3,72,0.3333333333333333,13185,0.17699115044247787
Ditsobotla Local Municipality,https://en.wikipedia.org/wiki/Ditsobotla_Local_Municipality,{},12,5,60,0.6,276,0.2095238095238095
Diversification (finance),https://en.wikipedia.org/wiki/Diversification_(finance),{},13,3,39,0.6666666666666666,2317,0.2702702702702703
Doboj,https://en.wikipedia.org/wiki/Doboj,{},20,2,40,0.5,2515,0.4358974358974359
Doljevac,https://en.wikipedia.org/wiki/Doljevac,{},20,2,40,0.5,138,0.07692307692307693
Dominican Republic at the 2015 Pan American Games,https://en.wikipedia.org/wiki/Dominican_Republic_at_the_2015_Pan_American_Games,{},29,4,116,0.75,29,0.4918032786885246
Dominican Republic women's national football team results,https://en.wikipedia.org/wiki/Dominican_Republic_women%27s_national_football_team_results,{},28,10,280,0.8,21,0.5017543859649123
Dorud County,https://en.wikipedia.org/wiki/Dorud_County,{},10,4,40,0.75,58,0.04545454545454545
Dow Jones Transportation Average,https://en.wikipedia.org/wiki/Dow_Jones_Transportation_Average,{},20,3,60,0.0,1764,0.4666666666666667
"Dubica, Bosnia and Herzegovina","https://en.wikipedia.org/wiki/Dubica,_Bosnia_and_Herzegovina",{},20,2,40,0.5,616,0.46153846153846156
Dundee Corporation Tramways,https://en.wikipedia.org/wiki/Dundee_Corporation_Tramways,{},9,4,36,0.0,135,0.03448275862068966
Duplicate bridge movements,https://en.wikipedia.org/wiki/Duplicate_bridge_movements,{},10,10,100,0.1,486,0.10000000000000002
Dutch Americans,https://en.wikipedia.org/wiki/Dutch_Americans,{},52,3,156,0.3333333333333333,7018,0.3300970873786408
Eastern Bloc,https://en.wikipedia.org/wiki/Eastern_Bloc,{},23,4,92,0.0,44800,0.13793103448275862
Eastern Kentucky Coalfield,https://en.wikipedia.org/wiki/Eastern_Kentucky_Coalfield,{},11,4,44,0.5,1044,0.3452380952380952
Ebikon,https://en.wikipedia.org/wiki/Ebikon,{},9,2,18,0.5,345,0.21428571428571427
Ecclesiastical new moon,https://en.wikipedia.org/wiki/Ecclesiastical_new_moon,{'Gregorian paschal new moon': '%B %d'},19,3,57,0.6666666666666666,216,0.7017543859649122
Economic impact of the COVID-19 pandemic in the United States,https://en.wikipedia.org/wiki/Economic_impact_of_the_COVID-19_pandemic_in_the_United_States,{},44,3,132,0.0,1810,0.20634920634920634
Economy of Arkansas,https://en.wikipedia.org/wiki/Economy_of_Arkansas,{},8,6,48,0.5,681,0.35555555555555557
Economy of Cambodia,https://en.wikipedia.org/wiki/Economy_of_Cambodia,{},9,3,27,0.3333333333333333,6224,0.2222222222222222
Economy of Chile,https://en.wikipedia.org/wiki/Economy_of_Chile,{},76,3,228,0.6666666666666666,8760,0.05291005291005291
Economy of China,https://en.wikipedia.org/wiki/Economy_of_China,{'Date': '%d %B %Y'},14,7,98,0.14285714285714285,65664,0.0805860805860806
Economy of Djibouti,https://en.wikipedia.org/wiki/Economy_of_Djibouti,{},10,7,70,0.5714285714285714,1520,0.05714285714285715
Economy of Georgia (country),https://en.wikipedia.org/wiki/Economy_of_Georgia_(country),{},8,6,48,1.0,6317,0.08333333333333333
Economy of Iceland,https://en.wikipedia.org/wiki/Economy_of_Iceland,{},13,3,39,0.6666666666666666,8542,0.3333333333333333
Economy of Isan,https://en.wikipedia.org/wiki/Economy_of_Isan,{},9,5,45,0.8,267,0.13793103448275865
Economy of Italy,https://en.wikipedia.org/wiki/Economy_of_Italy,{},10,6,60,0.5,21018,0.02531645569620253
Economy of Lithuania,https://en.wikipedia.org/wiki/Economy_of_Lithuania,{},16,3,48,0.3333333333333333,5944,0.196078431372549
Economy of Malawi,https://en.wikipedia.org/wiki/Economy_of_Malawi,{},29,7,203,0.5714285714285714,1800,0.1274131274131274
Economy of Minnesota,https://en.wikipedia.org/wiki/Economy_of_Minnesota,{},30,6,180,0.5,1274,0.2993197278911564
Economy of Mongolia,https://en.wikipedia.org/wiki/Economy_of_Mongolia,{},16,6,96,1.0,4419,0.2916666666666667
Economy of Nigeria,https://en.wikipedia.org/wiki/Economy_of_Nigeria,{},13,4,52,0.25,15168,0.18749999999999997
Economy of Sri Lanka,https://en.wikipedia.org/wiki/Economy_of_Sri_Lanka,{},8,3,24,1.0,10561,0.17687074829931973
Economy of Taiwan,https://en.wikipedia.org/wiki/Economy_of_Taiwan,{},24,5,120,0.8,15978,0.1391304347826087
Economy of the British Empire,https://en.wikipedia.org/wiki/Economy_of_the_British_Empire,{},15,5,75,0.8,2048,0.07407407407407407
Ecuador at the 2015 Pan American Games,https://en.wikipedia.org/wiki/Ecuador_at_the_2015_Pan_American_Games,{},27,4,108,0.75,25,0.4811320754716981
Educational attainment in the United States,https://en.wikipedia.org/wiki/Educational_attainment_in_the_United_States,{},15,12,180,0.08333333333333333,15573,0.05681818181818181
Eglisau,https://en.wikipedia.org/wiki/Eglisau,{},12,2,24,0.0,333,0.2564102564102564
Elections in Lebanon,https://en.wikipedia.org/wiki/Elections_in_Lebanon,{},14,3,42,0.6666666666666666,906,0.42857142857142855
Electron shell,https://en.wikipedia.org/wiki/Electron_shell,{},118,4,472,0.75,16929,0.9957627118644068
Elgg,https://en.wikipedia.org/wiki/Elgg,{},8,2,16,0.5,147,0.17142857142857143
Elias Motsoaledi Local Municipality,https://en.wikipedia.org/wiki/Elias_Motsoaledi_Local_Municipality,{},13,5,65,0.6,327,0.06666666666666667
Eliteserien,https://en.wikipedia.org/wiki/Eliteserien,{},17,4,68,0.75,21316,0.19753086419753085
Elsau,https://en.wikipedia.org/wiki/Elsau,{},9,2,18,0.5,65,0.18604651162790695
Elundini Local Municipality,https://en.wikipedia.org/wiki/Elundini_Local_Municipality,{},20,5,100,0.6,199,0.032
Emakhazeni Local Municipality,https://en.wikipedia.org/wiki/Emakhazeni_Local_Municipality,{},9,5,45,0.4,355,0.15384615384615383
"Emalahleni Local Municipality, Mpumalanga","https://en.wikipedia.org/wiki/Emalahleni_Local_Municipality,_Mpumalanga",{},52,5,260,0.6,1265,0.041791044776119404
Emfuleni Local Municipality,https://en.wikipedia.org/wiki/Emfuleni_Local_Municipality,{},10,5,50,0.6,1133,0.16666666666666666
"Emmen, Switzerland","https://en.wikipedia.org/wiki/Emmen,_Switzerland",{},10,2,20,0.0,596,0.25000000000000006
Emnambithi-Ladysmith Local Municipality,https://en.wikipedia.org/wiki/Emnambithi-Ladysmith_Local_Municipality,{},11,5,55,0.6,205,0.05999999999999999
Enantiopure drug,https://en.wikipedia.org/wiki/Enantiopure_drug,{},18,2,36,0.0,1017,0.7045454545454546
Endumeni Local Municipality,https://en.wikipedia.org/wiki/Endumeni_Local_Municipality,{},8,4,32,0.75,184,0.11538461538461538
English numerals,https://en.wikipedia.org/wiki/English_numerals,{},18,3,54,0.0,5632,0.09259259259259259
Ephraim Mogale Local Municipality,https://en.wikipedia.org/wiki/Ephraim_Mogale_Local_Municipality,{},11,5,55,0.6,208,0.12857142857142856
Eritrean Canadians,https://en.wikipedia.org/wiki/Eritrean_Canadians,{},13,3,39,0.3333333333333333,486,0.5384615384615384
Eritreans in Italy,https://en.wikipedia.org/wiki/Eritreans_in_Italy,{},106,3,318,0.6666666666666666,188,0.297339593114241
"Erlenbach, Switzerland","https://en.wikipedia.org/wiki/Erlenbach,_Switzerland",{},10,2,20,0.5,243,0.15686274509803924
Eslamabad-e Gharb County,https://en.wikipedia.org/wiki/Eslamabad-e_Gharb_County,{},12,4,48,0.75,68,0.04761904761904762
Estimates of historical world population,https://en.wikipedia.org/wiki/Estimates_of_historical_world_population,{},32,12,384,0.9166666666666666,23786,0.05303030303030303
Ethanol fuel by country,https://en.wikipedia.org/wiki/Ethanol_fuel_by_country,{},21,5,105,0.6,1816,0.12000000000000001
Ethiopian Canadians,https://en.wikipedia.org/wiki/Ethiopian_Canadians,{},13,3,39,0.6666666666666666,627,0.6410256410256411
Ettiswil,https://en.wikipedia.org/wiki/Ettiswil,{},8,2,16,0.0,58,0.18421052631578946
Euthal,https://en.wikipedia.org/wiki/Euthal,{},21,2,42,1.0,45,0.23076923076923075
Exponentiation,https://en.wikipedia.org/wiki/Exponentiation,{},10,10,100,1.0,24272,1.0
Eysenck Personality Questionnaire,https://en.wikipedia.org/wiki/Eysenck_Personality_Questionnaire,{},9,3,27,0.0,2908,0.13888888888888887
FAM40A,https://en.wikipedia.org/wiki/FAM40A,{},20,6,120,0.16666666666666666,15,0.11666666666666667
FIFA Beach Soccer World Cup records and statistics,https://en.wikipedia.org/wiki/FIFA_Beach_Soccer_World_Cup_records_and_statistics,{},16,6,96,0.8333333333333334,447,0.5591397849462364
FTSE 100 Index,https://en.wikipedia.org/wiki/FTSE_100_Index,{},100,3,300,0.0,29714,0.08623548922056386
FTSE MIB,https://en.wikipedia.org/wiki/FTSE_MIB,{},40,4,160,0.0,1594,0.41875
Famenin County,https://en.wikipedia.org/wiki/Famenin_County,{},8,3,24,0.6666666666666666,34,0.08333333333333333
Fanuj County,https://en.wikipedia.org/wiki/Fanuj_County,{},9,2,18,0.5,39,0.09523809523809525
Fariman County,https://en.wikipedia.org/wiki/Fariman_County,{},12,4,48,0.75,52,0.043478260869565216
FastTrack Automation Studio,https://en.wikipedia.org/wiki/FastTrack_Automation_Studio,{'Date': '%B %Y'},10,3,30,0.3333333333333333,20,0.14634146341463414
Fehraltorf,https://en.wikipedia.org/wiki/Fehraltorf,{},10,2,20,0.5,109,0.1923076923076923
Feuerthalen,https://en.wikipedia.org/wiki/Feuerthalen,{},10,2,20,0.5,89,0.23809523809523808
Field artillery in the American Civil War,https://en.wikipedia.org/wiki/Field_artillery_in_the_American_Civil_War,{},14,3,42,0.6666666666666666,4588,0.0689655172413793
Filisur,https://en.wikipedia.org/wiki/Filisur,{},11,2,22,0.5,487,0.45454545454545453
Fireworks,https://en.wikipedia.org/wiki/Fireworks,{},14,3,42,0.0,20803,0.46296296296296297
Firozabad district,https://en.wikipedia.org/wiki/Firozabad_district,{},9,4,36,0.0,1420,0.05357142857142857
"Fischbach, Lucerne","https://en.wikipedia.org/wiki/Fischbach,_Lucerne",{},9,2,18,0.0,43,0.25
Five Eyes,https://en.wikipedia.org/wiki/Five_Eyes,{},21,4,84,0.0,78082,0.7
Flaach,https://en.wikipedia.org/wiki/Flaach,{},11,2,22,0.5,64,0.25
Flurlingen,https://en.wikipedia.org/wiki/Flurlingen,{},11,2,22,0.5,56,0.19148936170212763
Foča,https://en.wikipedia.org/wiki/Fo%C4%8Da,{},20,2,40,0.5,2298,0.4358974358974359
Foreign football players in Germany,https://en.wikipedia.org/wiki/Foreign_football_players_in_Germany,{},32,2,64,0.5,149,0.28440366972477066
Forme Tour,https://en.wikipedia.org/wiki/Forme_Tour,{'Date': '%b %d'},8,6,48,0.3333333333333333,117,0.25
Fossilized affixes in Austronesian languages,https://en.wikipedia.org/wiki/Fossilized_affixes_in_Austronesian_languages,{},18,4,72,0.0,73,0.06756756756756756
France at the 2012 Summer Olympics,https://en.wikipedia.org/wiki/France_at_the_2012_Summer_Olympics,{},27,4,108,0.75,911,0.7358490566037735
Freienstein-Teufen,https://en.wikipedia.org/wiki/Freienstein-Teufen,{},8,2,16,0.5,60,0.16216216216216217
Göschenen,https://en.wikipedia.org/wiki/G%C3%B6schenen,{},12,2,24,0.5,470,0.5
GWR 5600 Class,https://en.wikipedia.org/wiki/GWR_5600_Class,"{'Built': '%B %Y', 'Withdrawn': '%b %Y'}",9,9,81,0.1111111111111111,1093,0.32098765432098764
Ga-Segonyana Local Municipality,https://en.wikipedia.org/wiki/Ga-Segonyana_Local_Municipality,{},8,4,32,0.75,190,0.06666666666666667
Gacko,https://en.wikipedia.org/wiki/Gacko,{},20,2,40,0.5,1043,0.48717948717948717
Gadžin Han,https://en.wikipedia.org/wiki/Gad%C5%BEin_Han,{},20,2,40,0.5,222,0.05555555555555556
Garden Route District Municipality,https://en.wikipedia.org/wiki/Garden_Route_District_Municipality,{},15,3,45,0.3333333333333333,1564,0.09876543209876543
Gariep Local Municipality,https://en.wikipedia.org/wiki/Gariep_Local_Municipality,{},9,4,36,0.75,53,0.25
Gelao languages,https://en.wikipedia.org/wiki/Gelao_languages,{},10,2,20,0.5,220,0.14285714285714288
General MIDI,https://en.wikipedia.org/wiki/General_MIDI,{},10,2,20,0.0,5668,0.06521739130434782
Geographical distribution of French speakers,https://en.wikipedia.org/wiki/Geographical_distribution_of_French_speakers,{},51,6,306,0.3333333333333333,7931,0.14102564102564105
Geography of England,https://en.wikipedia.org/wiki/Geography_of_England,{},15,5,75,0.6,3662,0.34838709677419355
"George Town, Chennai","https://en.wikipedia.org/wiki/George_Town,_Chennai",{},20,2,40,0.0,1458,0.26829268292682923
Georgia national futsal team,https://en.wikipedia.org/wiki/Georgia_national_futsal_team,{},51,7,357,0.8571428571428571,212,0.330975954738331
Geroldswil,https://en.wikipedia.org/wiki/Geroldswil,{},9,2,18,0.5,71,0.2857142857142857
Gershon Iskowitz,https://en.wikipedia.org/wiki/Gershon_Iskowitz,{},30,4,120,0.0,97,0.06521739130434784
Ghirone,https://en.wikipedia.org/wiki/Ghirone,{},8,2,16,0.5,31,0.27586206896551724
Gilan-e Gharb County,https://en.wikipedia.org/wiki/Gilan-e_Gharb_County,{},11,4,44,0.75,49,0.022727272727272728
Giornico,https://en.wikipedia.org/wiki/Giornico,{},8,2,16,0.5,119,0.24999999999999994
Giubiasco,https://en.wikipedia.org/wiki/Giubiasco,{},11,2,22,0.5,193,0.23404255319148937
Glossop line,https://en.wikipedia.org/wiki/Glossop_line,{},13,5,65,0.2,556,0.35384615384615387
Golpayegan County,https://en.wikipedia.org/wiki/Golpayegan_County,{},8,4,32,0.75,82,0.125
Gordon Hunter Memorial Trophy,https://en.wikipedia.org/wiki/Gordon_Hunter_Memorial_Trophy,{},24,5,120,0.2,29,0.37446808510638296
Govan Mbeki Local Municipality,https://en.wikipedia.org/wiki/Govan_Mbeki_Local_Municipality,{},19,5,95,0.6,371,0.21818181818181817
Government of Gauteng,https://en.wikipedia.org/wiki/Government_of_Gauteng,{},11,2,22,0.0,389,0.09523809523809525
"Gradiška, Bosnia and Herzegovina","https://en.wikipedia.org/wiki/Gradi%C5%A1ka,_Bosnia_and_Herzegovina",{},20,2,40,0.5,1419,0.4358974358974359
Graduate unemployment,https://en.wikipedia.org/wiki/Graduate_unemployment,{},74,6,444,0.0,985,0.10364145658263305
Grammatical case,https://en.wikipedia.org/wiki/Grammatical_case,{},8,5,40,0.0,18276,0.1032258064516129
Graves's emergent cyclical levels of existence,https://en.wikipedia.org/wiki/Graves%27s_emergent_cyclical_levels_of_existence,{},8,10,80,0.0,433,0.10000000000000002
Greater Pittston,https://en.wikipedia.org/wiki/Greater_Pittston,{},14,2,28,0.0,201,0.5
Greater Taung Local Municipality,https://en.wikipedia.org/wiki/Greater_Taung_Local_Municipality,{},9,5,45,0.6,187,0.08333333333333334
Greater Tubatse Local Municipality,https://en.wikipedia.org/wiki/Greater_Tubatse_Local_Municipality,{},21,5,105,0.6,204,0.01951219512195122
Greater Tzaneen Local Municipality,https://en.wikipedia.org/wiki/Greater_Tzaneen_Local_Municipality,{},12,5,60,0.6,408,0.07567567567567568
Greek junta trials,https://en.wikipedia.org/wiki/Greek_junta_trials,{},10,2,20,0.0,626,0.16666666666666666
Grocka,https://en.wikipedia.org/wiki/Grocka,{},20,3,60,0.3333333333333333,435,0.2962962962962963
Grossdietwil,https://en.wikipedia.org/wiki/Grossdietwil,{},9,2,18,0.0,47,0.17948717948717952
Guatemala at the 2015 Pan American Games,https://en.wikipedia.org/wiki/Guatemala_at_the_2015_Pan_American_Games,{},30,4,120,0.75,27,0.4912280701754386
Gunzwil,https://en.wikipedia.org/wiki/Gunzwil,{},8,2,16,0.0,53,0.18518518518518517
Gurtnellen,https://en.wikipedia.org/wiki/Gurtnellen,{},12,2,24,0.5,89,0.25
Gurudas Banerjee,https://en.wikipedia.org/wiki/Gurudas_Banerjee,{},8,5,40,0.2,330,0.012307692307692308
Gushegu (Ghana parliament constituency),https://en.wikipedia.org/wiki/Gushegu_(Ghana_parliament_constituency),{},10,3,30,0.3333333333333333,61,0.22222222222222224
Höri,https://en.wikipedia.org/wiki/H%C3%B6ri,{},9,2,18,0.5,84,0.17073170731707318
H.M.S. Pinafore,https://en.wikipedia.org/wiki/H.M.S._Pinafore,{},9,5,45,0.0,10558,0.4000000000000001
Hagenbuch,https://en.wikipedia.org/wiki/Hagenbuch,{},8,2,16,0.5,55,0.21212121212121213
Hamidiyeh County,https://en.wikipedia.org/wiki/Hamidiyeh_County,{},8,2,16,0.5,31,0.06666666666666667
Hampshire League,https://en.wikipedia.org/wiki/Hampshire_League,{},99,2,198,0.0,337,0.5353535353535354
Hands Across America,https://en.wikipedia.org/wiki/Hands_Across_America,{},18,5,90,0.6,12268,0.1696969696969697
Haplogroup S (mtDNA),https://en.wikipedia.org/wiki/Haplogroup_S_(mtDNA),{},48,4,192,0.0,270,0.038461538461538464
Hardware performance counter,https://en.wikipedia.org/wiki/Hardware_performance_counter,{},10,2,20,0.5,725,0.03636363636363636
Harsin County,https://en.wikipedia.org/wiki/Harsin_County,{},9,4,36,0.75,137,0.1111111111111111
Hashtrud County,https://en.wikipedia.org/wiki/Hashtrud_County,{},12,4,48,0.75,46,0.043478260869565216
Hawk Hill (California),https://en.wikipedia.org/wiki/Hawk_Hill_(California),{},22,2,44,0.0,320,0.46153846153846156
Health insurance coverage in the United States,https://en.wikipedia.org/wiki/Health_insurance_coverage_in_the_United_States,{},52,17,884,0.9411764705882353,1849,0.08849557522123894
Healthcare in West Bengal,https://en.wikipedia.org/wiki/Healthcare_in_West_Bengal,{},15,3,45,0.6666666666666666,647,0.13725490196078433
Hedingen,https://en.wikipedia.org/wiki/Hedingen,{},14,2,28,0.5,87,0.22222222222222224
Hergiswil bei Willisau,https://en.wikipedia.org/wiki/Hergiswil_bei_Willisau,{},8,2,16,0.0,37,0.15789473684210528
Herrliberg,https://en.wikipedia.org/wiki/Herrliberg,{},8,2,16,0.5,302,0.3181818181818182
Hettlingen,https://en.wikipedia.org/wiki/Hettlingen,{},9,2,18,0.5,59,0.1730769230769231
Hibiscus Coast Local Municipality,https://en.wikipedia.org/wiki/Hibiscus_Coast_Local_Municipality,{},34,4,136,0.75,318,0.12264150943396226
High Performance Computing Modernization Program,https://en.wikipedia.org/wiki/High_Performance_Computing_Modernization_Program,{},25,6,150,0.16666666666666666,265,0.24
Higher education controversy in Odisha,https://en.wikipedia.org/wiki/Higher_education_controversy_in_Odisha,{},29,3,87,0.0,81,0.21276595744680854
Hill sphere,https://en.wikipedia.org/wiki/Hill_sphere,{},11,6,66,0.8333333333333334,5248,0.2
Historical development of Church of England dioceses,https://en.wikipedia.org/wiki/Historical_development_of_Church_of_England_dioceses,{'Date': '%d %B %Y'},32,4,128,0.0,499,0.19594594594594592
History of the Rugby World Cup,https://en.wikipedia.org/wiki/History_of_the_Rugby_World_Cup,{},13,15,195,0.26666666666666666,1755,0.22905982905982908
Hittnau,https://en.wikipedia.org/wiki/Hittnau,{},10,2,20,0.5,68,0.19999999999999998
Hoch-Ybrig,https://en.wikipedia.org/wiki/Hoch-Ybrig,"{'Start': '%Y-%m-%d', 'End': '%Y-%m-%d'}",48,4,192,0.25,185,0.005208333333333333
"Hochdorf, Lucerne","https://en.wikipedia.org/wiki/Hochdorf,_Lucerne",{},8,2,16,0.5,184,0.1951219512195122
Hong Kong mahjong scoring rules,https://en.wikipedia.org/wiki/Hong_Kong_mahjong_scoring_rules,{},7,2,14,1.0,8823,0.3181818181818182
Horgen,https://en.wikipedia.org/wiki/Horgen,{},13,2,26,0.5,827,0.4
Hospental,https://en.wikipedia.org/wiki/Hospental,{},15,2,30,0.5,361,0.42424242424242425
Hugo Award for Best Professional Magazine,https://en.wikipedia.org/wiki/Hugo_Award_for_Best_Professional_Magazine,{},77,3,231,0.3333333333333333,85,0.08943089430894309
Human trafficking in Europe,https://en.wikipedia.org/wiki/Human_trafficking_in_Europe,{},10,3,30,0.0,610,0.10714285714285714
Hydrography of the Biella region,https://en.wikipedia.org/wiki/Hydrography_of_the_Biella_region,{},17,7,119,0.8571428571428571,28,0.0989010989010989
IDDM11,https://en.wikipedia.org/wiki/IDDM11,{},18,3,54,0.0,43,0.19923371647509577
INA d.d.,https://en.wikipedia.org/wiki/INA_d.d.,{},17,11,187,1.0,1086,0.1122994652406417
ISU Season's World Ranking records and statistics,https://en.wikipedia.org/wiki/ISU_Season%27s_World_Ranking_records_and_statistics,{},7,3,21,0.6666666666666666,26,0.021505376344086023
Ilam province,https://en.wikipedia.org/wiki/Ilam_province,{},13,4,52,0.75,1768,0.7608695652173914
Ilocano language,https://en.wikipedia.org/wiki/Ilocano_language,{},15,2,30,0.0,9731,0.09836065573770492
Ilomantsi,https://en.wikipedia.org/wiki/Ilomantsi,{},8,2,16,1.0,513,0.44117647058823534
Imperial Blue (whisky),https://en.wikipedia.org/wiki/Imperial_Blue_(whisky),{},10,2,20,1.0,4514,0.4210526315789474
Imperial Roman army,https://en.wikipedia.org/wiki/Imperial_Roman_army,{},14,11,154,0.8181818181818182,5731,0.13068181818181818
Inđija,https://en.wikipedia.org/wiki/In%C4%91ija,{},21,2,42,0.5,1177,0.42500000000000004
Indaka Local Municipality,https://en.wikipedia.org/wiki/Indaka_Local_Municipality,{},11,4,44,0.75,79,0.03571428571428572
Indian Pharmacopoeia Commission,https://en.wikipedia.org/wiki/Indian_Pharmacopoeia_Commission,{},15,4,60,0.5,5668,0.2
Indian Singaporeans,https://en.wikipedia.org/wiki/Indian_Singaporeans,{},12,4,48,0.25,5183,0.09523809523809525
Indian South Africans,https://en.wikipedia.org/wiki/Indian_South_Africans,{},10,7,70,0.8571428571428571,14815,0.18045112781954886
Indian states by most spoken scheduled languages,https://en.wikipedia.org/wiki/Indian_states_by_most_spoken_scheduled_languages,{},35,6,210,0.0,3769,0.6203703703703705
Indonesia at the 2017 Summer Universiade,https://en.wikipedia.org/wiki/Indonesia_at_the_2017_Summer_Universiade,{},10,4,40,0.75,21,0.4210526315789474
IndyCar Series,https://en.wikipedia.org/wiki/IndyCar_Series,{},11,4,44,0.25,42790,0.8043478260869567
Infinite Recharge,https://en.wikipedia.org/wiki/Infinite_Recharge,{},34,3,102,0.3333333333333333,236,0.005333333333333333
Inflection,https://en.wikipedia.org/wiki/Inflection,{},8,4,32,0.0,12284,0.28125
Ingquza Hill Local Municipality,https://en.wikipedia.org/wiki/Ingquza_Hill_Local_Municipality,{},18,4,72,0.75,319,0.04761904761904762
Ingwe Local Municipality,https://en.wikipedia.org/wiki/Ingwe_Local_Municipality,{},17,4,68,0.75,76,0.07142857142857142
Insect-based pet food,https://en.wikipedia.org/wiki/Insect-based_pet_food,{},11,4,44,0.0,273,0.026315789473684213
International B-Boy Championships,https://en.wikipedia.org/wiki/International_B-Boy_Championships,{},20,7,140,0.8571428571428571,406,0.32857142857142857
International Linguistics Olympiad,https://en.wikipedia.org/wiki/International_Linguistics_Olympiad,{},25,9,225,0.8888888888888888,3610,0.08835341365461848
Interquartile range,https://en.wikipedia.org/wiki/Interquartile_range,{},13,4,52,0.5,22189,0.10317460317460318
Intragna,https://en.wikipedia.org/wiki/Intragna,{},8,2,16,0.5,90,0.24137931034482757
Iraya language,https://en.wikipedia.org/wiki/Iraya_language,{},8,2,16,0.0,181,0.03571428571428572
"Irig, Serbia","https://en.wikipedia.org/wiki/Irig,_Serbia",{},21,2,42,0.5,359,0.41025641025641024
Irish Americans,https://en.wikipedia.org/wiki/Irish_Americans,{},52,3,156,0.3333333333333333,21166,0.33656957928802583
Isalo National Park,https://en.wikipedia.org/wiki/Isalo_National_Park,{},13,2,26,0.0,585,0.034782608695652174
Isenthal,https://en.wikipedia.org/wiki/Isenthal,{},12,2,24,0.5,93,0.30769230769230765
Islam in North Macedonia,https://en.wikipedia.org/wiki/Islam_in_North_Macedonia,{},12,3,36,0.6666666666666666,3662,0.8888888888888888
Islam in Spain,https://en.wikipedia.org/wiki/Islam_in_Spain,{},12,2,24,0.5,12045,0.2777777777777778
Italy at the 2012 Summer Olympics,https://en.wikipedia.org/wiki/Italy_at_the_2012_Summer_Olympics,{},26,4,104,0.75,519,0.5918367346938777
Ixodes holocyclus,https://en.wikipedia.org/wiki/Ixodes_holocyclus,{},12,3,36,0.0,4468,0.25
Ja-Ela,https://en.wikipedia.org/wiki/Ja-Ela,{},10,3,30,0.3333333333333333,707,0.0392156862745098
Jagodina,https://en.wikipedia.org/wiki/Jagodina,{},18,3,54,0.3333333333333333,1774,0.33333333333333337
Jamaica at the 2015 Pan American Games,https://en.wikipedia.org/wiki/Jamaica_at_the_2015_Pan_American_Games,{},9,4,36,0.75,25,0.38636363636363635
Japan at the 2017 Asian Winter Games,https://en.wikipedia.org/wiki/Japan_at_the_2017_Asian_Winter_Games,{},12,5,60,0.8,56,0.46956521739130436
Japan national futsal team,https://en.wikipedia.org/wiki/Japan_national_futsal_team,{},10,4,40,0.75,1188,0.08928571428571427
Java Native Access,https://en.wikipedia.org/wiki/Java_Native_Access,{},11,4,44,0.0,788,0.21
Java Native Interface,https://en.wikipedia.org/wiki/Java_Native_Interface,{},9,4,36,0.0,3074,0.052631578947368425
Jazira Region,https://en.wikipedia.org/wiki/Jazira_Region,{},10,3,30,0.6666666666666666,1991,0.1818181818181818
Jenks High School,https://en.wikipedia.org/wiki/Jenks_High_School,{},25,5,125,0.6,638,0.21739130434782608
Joe Morolong Local Municipality,https://en.wikipedia.org/wiki/Joe_Morolong_Local_Municipality,{},10,5,50,0.6,212,0.06857142857142857
Johan Cruyff Shield,https://en.wikipedia.org/wiki/Johan_Cruyff_Shield,{},13,5,65,0.4,4582,0.3666666666666667
Jolfa County,https://en.wikipedia.org/wiki/Jolfa_County,{},11,4,44,0.75,138,0.045454545454545456
Jozini Local Municipality,https://en.wikipedia.org/wiki/Jozini_Local_Municipality,{},12,4,48,0.75,223,0.08823529411764705
Judas Maccabaeus (Handel),https://en.wikipedia.org/wiki/Judas_Maccabaeus_(Handel),{},68,8,544,0.25,1985,0.4755639097744361
Judo at the 2020 Summer Paralympics,https://en.wikipedia.org/wiki/Judo_at_the_2020_Summer_Paralympics,{},22,6,132,0.8333333333333334,285,0.6904761904761905
June 2015 Turkish general election,https://en.wikipedia.org/wiki/June_2015_Turkish_general_election,{},9,2,18,0.0,2225,0.1935483870967742
KOSPI,https://en.wikipedia.org/wiki/KOSPI,{'Date': '%d %B %Y'},15,3,45,0.6666666666666666,3138,0.34722222222222227
Kabudarahang County,https://en.wikipedia.org/wiki/Kabudarahang_County,{},17,4,68,0.75,70,0.04166666666666667
Kagoshima dialect,https://en.wikipedia.org/wiki/Kagoshima_dialect,{},15,4,60,0.0,1432,0.09999999999999998
Kai ǃGarib Local Municipality,https://en.wikipedia.org/wiki/Kai_%C7%83Garib_Local_Municipality,{},17,4,68,0.75,89,0.14
Kalinovik,https://en.wikipedia.org/wiki/Kalinovik,{},20,2,40,0.5,521,0.4166666666666667
Kamiesberg Local Municipality,https://en.wikipedia.org/wiki/Kamiesberg_Local_Municipality,{},18,4,72,0.5,198,0.2424242424242424
Kampong Svay district,https://en.wikipedia.org/wiki/Kampong_Svay_district,{},11,2,22,0.0,64,0.45
Kampong Tralach district,https://en.wikipedia.org/wiki/Kampong_Tralach_district,{},10,2,20,0.0,101,0.5
Kamyaran County,https://en.wikipedia.org/wiki/Kamyaran_County,{},12,4,48,0.75,67,0.021739130434782608
Kansas state budget (2008–09),https://en.wikipedia.org/wiki/Kansas_state_budget_(2008%E2%80%9309),{},10,3,30,0.3333333333333333,14,0.3333333333333333
Kardzhali Province,https://en.wikipedia.org/wiki/Kardzhali_Province,{},11,3,33,0.3333333333333333,1793,0.12500000000000003
Karun County,https://en.wikipedia.org/wiki/Karun_County,{},11,2,22,0.5,62,0.19999999999999998
Kazakhstan at the 2017 Asian Winter Games,https://en.wikipedia.org/wiki/Kazakhstan_at_the_2017_Asian_Winter_Games,{'Date': '%d %B'},32,5,160,0.0,47,0.2779661016949152
Kazerun County,https://en.wikipedia.org/wiki/Kazerun_County,{},30,4,120,0.75,99,0.03571428571428572
Kemmental,https://en.wikipedia.org/wiki/Kemmental,{},9,9,81,0.0,61,0.12345679012345678
Kermanshah County,https://en.wikipedia.org/wiki/Kermanshah_County,{},26,4,104,0.75,126,0.05319148936170212
Khalilabad County,https://en.wikipedia.org/wiki/Khalilabad_County,{},9,4,36,0.75,32,0.05555555555555555
Khomeyn County,https://en.wikipedia.org/wiki/Khomeyn_County,{},12,4,48,0.75,127,0.041666666666666664
Khorrambid County,https://en.wikipedia.org/wiki/Khorrambid_County,{},8,4,32,0.75,39,0.05
